0,cabling,0.0972648411989212
1,training,0.17988023161888123
2,scarves,0.04890603944659233
3,pizza,0.21836015582084656
4,oldham,0.11964903771877289
5,shopzilla,0.003544890321791172
6,godsmack,0.11392904072999954
7,helsinki,0.20090577006340027
8,squash,0.08387242257595062
9,carlisle,0.04891212284564972
10,kangaroo,0.13655681908130646
11,nightlife,0.19146916270256042
12,transistor,0.11186587810516357
13,emo,0.11424082517623901
14,shaving,0.0832412838935852
15,composites,0.08716167509555817
16,americas,0.22432810068130493
17,coldplay,0.07045294344425201
18,machining,0.16355791687965393
19,ireland,0.07283211499452591
20,snowboard,0.06977339088916779
21,cheapest,0.08714301139116287
22,medal,0.23259630799293518
23,leaf,0.2233436405658722
24,logos,0.15139073133468628
25,upskirt,0.07110241055488586
26,seals,0.18996112048625946
27,weymouth,0.11031202226877213
28,catering,0.17284227907657623
29,sky,0.19066204130649567
30,canoeing,0.08411184698343277
31,doors,0.19571031630039215
32,bacon,0.20608489215373993
33,conventions,0.08455906063318253
34,rapids,0.2112625539302826
35,ucla,0.16988509893417358
36,worldcat,0.19790461659431458
37,bild,0.07269883155822754
38,darts,0.18832476437091827
39,charges,0.1484747976064682
40,playlists,0.07099397480487823
41,platforms,0.23944315314292908
42,katy,0.20205892622470856
43,disneyland,0.20719149708747864
44,soccer,0.18120376765727997
45,pond,0.17252777516841888
46,surveyors,0.22760717570781708
47,duff,0.10329307615756989
48,comm,0.14873363077640533
49,tetris,0.1474757194519043
50,families,0.15403929352760315
51,bass,0.13318143784999847
52,settled,0.24596935510635376
53,bbw,0.27901971340179443
54,dogs,0.1928662806749344
55,london,0.19010818004608154
56,ballroom,0.14231878519058228
57,nursery,0.1058368980884552
58,graphite,0.13357999920845032
59,webcams,0.08714567124843597
60,thames,0.17244265973567963
61,tittens,0.21041850745677948
62,taylor,0.16382445394992828
63,handbag,0.20776675641536713
64,iron,0.2081506997346878
65,sun,0.19183595478534698
66,earth,0.19114220142364502
67,adverts,0.12346236407756805
68,subset,0.19528460502624512
69,crosses,0.24462062120437622
70,radiohead,0.09346568584442139
71,invite,0.09430332481861115
72,businessman,0.16292686760425568
73,manila,0.1797938048839569
74,thehun,0.13459816575050354
75,monks,0.0995693951845169
76,denim,0.18346334993839264
77,egg,0.18993692100048065
78,usher,0.15195491909980774
79,retriever,0.15786007046699524
80,black,0.1567651927471161
81,spherical,0.21572989225387573
82,faces,0.10555116832256317
83,sauna,0.10414867103099823
84,seminar,0.12927751243114471
85,clerks,0.059712670743465424
86,social,0.18952837586402893
87,dvd,0.10325801372528076
88,tolkien,0.12915967404842377
89,buried,0.127639502286911
90,forte,0.11144103854894638
91,justify,0.2131449580192566
92,aquaculture,0.18109814822673798
93,montserrat,0.1560300886631012
94,vallarta,0.16147112846374512
95,wolves,0.21188901364803314
96,pallet,0.1204364225268364
97,noir,0.08907395601272583
98,tower,0.10855451226234436
99,iu,0.16166850924491882
100,fifa,0.05563810467720032
101,specialist,0.21102356910705566
102,tummy,0.16062800586223602
103,fountain,0.23648707568645477
104,radiohead,0.12222792208194733
105,fireplace,0.2246236801147461
106,affirm,0.1059807538986206
107,powder,0.1970376968383789
108,hopper,0.045922622084617615
109,renders,0.06142328307032585
110,engines,0.1974862515926361
111,participants,0.14198949933052063
112,medals,0.08869931101799011
113,acne,0.043007876724004745
114,generated,0.05455164611339569
115,medications,0.13110017776489258
116,moroccan,0.08482151478528976
117,alarm,0.1734355390071869
118,dreamed,0.21705403923988342
119,cote,0.21897384524345398
120,blinds,0.0825815200805664
121,fedora,0.1763484627008438
122,gibson,0.1399061530828476
123,rainforest,0.06790030002593994
124,evanescence,0.051703669130802155
125,preferably,0.10897016525268555
126,banner,0.10905270278453827
127,vikings,0.2011924386024475
128,neighbors,0.1372876763343811
129,turkey,0.17930938303470612
130,nationality,0.17173916101455688
131,mosque,0.1818382889032364
132,add,0.11533218622207642
133,oaks,0.1569032371044159
134,filme,0.09318313002586365
135,sarasota,0.07707082480192184
136,accelerator,0.07768979668617249
137,yemen,0.16150638461112976
138,scientist,0.19020791351795197
139,lobby,0.20411351323127747
140,candles,0.17431826889514923
141,venom,0.09127411991357803
142,puppets,0.13154853880405426
143,hen,0.2116771638393402
144,galaxies,0.14378531277179718
145,bedroom,0.17669744789600372
146,banner,0.12277278304100037
147,media,0.07530838251113892
148,huskies,0.2327353060245514
149,converse,0.17373378574848175
150,yellowstone,0.12617872655391693
151,philosophical,0.19745656847953796
152,hostels,0.09413480758666992
153,hogtied,0.08751995116472244
154,tissues,0.10012433677911758
155,connecticut,0.03708349168300629
156,mccartney,0.05934081971645355
157,dialysis,0.08855374157428741
158,watercolor,0.09973803907632828
159,altar,0.13535667955875397
160,conservatory,0.21553437411785126
161,cambodia,0.23064132034778595
162,proposes,0.11793467402458191
163,sandwich,0.1698857992887497
164,underoath,0.10008381307125092
165,tuscany,0.20234686136245728
166,afro,0.2660543620586395
167,barron,0.14637047052383423
168,municipalities,0.05945612117648125
169,cambodia,0.1446196734905243
170,courtyard,0.11970607191324234
171,pouring,0.08624552190303802
172,hastings,0.12648817896842957
173,penguins,0.21939533948898315
174,vuitton,0.10715734958648682
175,conservatory,0.26183709502220154
176,regard,0.16566304862499237
177,nautical,0.06718775629997253
178,bangladesh,0.20523129403591156
179,fairies,0.1029183492064476
180,victorian,0.11545979976654053
181,forty,0.19825902581214905
182,towels,0.06990744173526764
183,logo,0.06551462411880493
184,payne,0.1265242099761963
185,librarians,0.09277274459600449
186,vans,0.06260494887828827
187,bras,0.1053776666522026
188,attain,0.12565189599990845
189,basement,0.09878890961408615
190,kaufman,0.11834438145160675
191,ditch,0.12580859661102295
192,acrylic,0.19147148728370667
193,seville,0.20778769254684448
194,memorial,0.1671735942363739
195,clerks,0.09202465415000916
196,overlay,0.12385208159685135
197,vatican,0.14184412360191345
198,patagonia,0.11756054311990738
199,basque,0.06593721359968185
200,varieties,0.17104537785053253
201,traffic,0.14265668392181396
202,rainforest,0.17005431652069092
203,docs,0.1668727695941925
204,white,0.21221137046813965
205,ducks,0.18231472373008728
206,mens,0.14981897175312042
207,glitter,0.0956607460975647
208,faucets,0.20827481150627136
209,faroe,0.1599094420671463
210,five,0.228042334318161
211,bubbles,0.10243767499923706
212,bedroom,0.12395220249891281
213,zealand,0.11053429543972015
214,disneyland,0.07308007031679153
215,bubbles,0.14919519424438477
216,gazette,0.07975920289754868
217,rugby,0.148568257689476
218,playlists,0.07304758578538895
219,aerial,0.12022890150547028
220,hardcover,0.1489349752664566
221,subway,0.1495528668165207
222,generated,0.0800689160823822
223,widgets,0.12204930186271667
224,moroccan,0.08811996877193451
225,cone,0.18840204179286957
226,chanel,0.11335337162017822
227,spires,0.1360066831111908
228,tuscany,0.06232330948114395
229,guests,0.16086623072624207
230,tibet,0.10272550582885742
231,rwanda,0.1055409163236618
232,volleyball,0.20065924525260925
233,paige,0.07116425037384033
234,fringe,0.06233251467347145
235,chennai,0.1376977264881134
236,campgrounds,0.08030403405427933
237,wed,0.13815385103225708
238,prague,0.11266888678073883
239,golfing,0.2831052243709564
240,webcam,0.11362653970718384
241,tanning,0.11522625386714935
242,yosemite,0.08992454409599304
243,grandmother,0.13541358709335327
244,korn,0.17129310965538025
245,globe,0.10565593838691711
246,generated,0.09933134913444519
247,earl,0.18354138731956482
248,verona,0.14130491018295288
249,bild,0.10365281999111176
250,dancing,0.10603824257850647
251,bermuda,0.21416932344436646
252,quarterback,0.1536145806312561
253,bmw,0.17022357881069183
254,playful,0.18822555243968964
255,costume,0.15242919325828552
256,allied,0.05579376965761185
257,aix,0.1537550985813141
258,generated,0.1077452301979065
259,subwoofer,0.11339978128671646
260,harbour,0.1976516991853714
261,pilates,0.08809107542037964
262,scarf,0.17238137125968933
263,makeup,0.15399008989334106
264,seals,0.20572951436042786
265,arriving,0.1505877822637558
266,drinking,0.08790753781795502
267,globes,0.16765853762626648
268,starters,0.11829580366611481
269,cakes,0.185689777135849
270,flooring,0.2263941615819931
271,stripping,0.1835489571094513
272,paralegal,0.059913165867328644
273,smb,0.11171568930149078
274,opal,0.09904901683330536
275,blossom,0.1545497179031372
276,zoo,0.12978175282478333
277,candle,0.16649413108825684
278,saxon,0.13586896657943726
279,budapest,0.1142105758190155
280,mare,0.17481625080108643
281,pendant,0.18140728771686554
282,moroccan,0.10953010618686676
283,onions,0.08469941467046738
284,sonata,0.11615082621574402
285,bananas,0.19826385378837585
286,bench,0.19256983697414398
287,parrot,0.12618790566921234
288,formations,0.07998963445425034
289,coma,0.17995291948318481
290,fishing,0.12165023386478424
291,galveston,0.0866723507642746
292,galaxies,0.14539265632629395
293,cells,0.10479901731014252
294,bild,0.1656855195760727
295,cookies,0.21113468706607819
296,logo,0.19834785163402557
297,groom,0.2172316014766693
298,cartier,0.1375952959060669
299,jewellery,0.186466246843338
300,thanksgiving,0.2019476294517517
301,chairs,0.20636045932769775
302,scottsdale,0.056089483201503754
303,tablet,0.14308404922485352
304,bedrooms,0.0747745931148529
305,ddr,0.07653647661209106
306,papua,0.22949673235416412
307,bonsai,0.14925824105739594
308,cottages,0.06465661525726318
309,mississauga,0.11085182428359985
310,alamo,0.12919001281261444
311,ladder,0.1811162829399109
312,apples,0.2494409829378128
313,hazard,0.11112206429243088
314,manitoba,0.18399879336357117
315,posterior,0.04901627451181412
316,jason,0.19360925257205963
317,eo,0.06087878346443176
318,astrology,0.18975841999053955
319,cleanup,0.0766291692852974
320,mississauga,0.043907374143600464
321,triathlon,0.09746930748224258
322,column,0.20011352002620697
323,universities,0.18208558857440948
324,railways,0.19699494540691376
325,perl,0.2192607820034027
326,wiring,0.20003928244113922
327,airport,0.0725652277469635
328,photography,0.09341071546077728
329,businessman,0.20736093819141388
330,gardening,0.10895746201276779
331,tiki,0.13134543597698212
332,subtitle,0.09539028257131577
333,gardens,0.15349410474300385
334,sofa,0.1531534492969513
335,somalia,0.14353704452514648
336,logo,0.1389199048280716
337,pointing,0.1979418694972992
338,pledged,0.10257693380117416
339,extensions,0.16638220846652985
340,hummer,0.0826079323887825
341,turkmenistan,0.09263245761394501
342,mosque,0.18281985819339752
343,hogtied,0.054205555468797684
344,indemnity,0.06585203856229782
345,sauces,0.11906816065311432
346,photography,0.04733451455831528
347,monument,0.21772068738937378
348,uefa,0.18974439799785614
349,dining,0.16000951826572418
350,brock,0.11738751828670502
351,drive,0.17513003945350647
352,iu,0.21231438219547272
353,pelican,0.12084229290485382
354,heart,0.17868712544441223
355,beach,0.18565526604652405
356,fiberglass,0.059880875051021576
357,surprised,0.1753571331501007
358,directing,0.089039146900177
359,liechtenstein,0.07512892782688141
360,globe,0.1789620965719223
361,helmet,0.1185854822397232
362,generated,0.08966198563575745
363,spell,0.20873668789863586
364,magazines,0.1913205236196518
365,fountain,0.1909298598766327
366,autocad,0.07543511688709259
367,jeep,0.18564704060554504
368,stocking,0.12550286948680878
369,cabinet,0.08460964262485504
370,mozambique,0.1001027375459671
371,husbands,0.07941185683012009
372,red,0.16961050033569336
373,faucet,0.2169487476348877
374,blanket,0.17154322564601898
375,wire,0.16485661268234253
376,faucets,0.2022429257631302
377,commuter,0.07627268135547638
378,orchard,0.14121785759925842
379,blue,0.2838107645511627
380,redhead,0.18565234541893005
381,habit,0.15836937725543976
382,bonsai,0.09628672152757645
383,cinemas,0.19605496525764465
384,chevelle,0.10422610491514206
385,inks,0.13212907314300537
386,hooded,0.27872979640960693
387,brochures,0.0987907126545906
388,cambodia,0.10970292240381241
389,bride,0.19459550082683563
390,paige,0.06245241314172745
391,airports,0.17425312101840973
392,yogurt,0.17324121296405792
393,garage,0.1506785750389099
394,population,0.1881299465894699
395,wiring,0.221302330493927
396,broccoli,0.1791578084230423
397,botswana,0.15469935536384583
398,beanie,0.18830934166908264
399,bride,0.1190488338470459
400,tours,0.12579095363616943
401,advertisement,0.13518954813480377
402,offices,0.20523914694786072
403,generated,0.08882644772529602
404,permitted,0.09762362390756607
405,facials,0.13731156289577484
406,pocketpc,0.18623268604278564
407,neutron,0.18648499250411987
408,bananas,0.11891422420740128
409,moon,0.1881176084280014
410,bild,0.044098902493715286
411,indicates,0.19509655237197876
412,suspended,0.17146721482276917
413,heidelberg,0.15518632531166077
414,pasta,0.1855916529893875
415,inflatable,0.06943047791719437
416,noir,0.10779248923063278
417,dressing,0.11871729046106339
418,garrison,0.10066916048526764
419,aluminium,0.11514373123645782
420,earlier,0.12984031438827515
421,grandparents,0.09810644388198853
422,dorm,0.0909559354186058
423,catalogues,0.16098393499851227
424,ocean,0.16091907024383545
425,film,0.20259298384189606
426,incest,0.1730242371559143
427,rendering,0.07977668941020966
428,cricket,0.19842851161956787
429,plaque,0.2174988090991974
430,column,0.204086035490036
431,hopper,0.10698212683200836
432,dressing,0.08198492228984833
433,trainers,0.1444387435913086
434,garages,0.2374039590358734
435,abbey,0.18866631388664246
436,bild,0.033961694687604904
437,expire,0.12176159024238586
438,floral,0.10894380509853363
439,hogtied,0.09640160202980042
440,hopper,0.09324872493743896
441,kyrgyzstan,0.11239869892597198
442,lilies,0.2079569697380066
443,cabbage,0.11135093867778778
444,flea,0.1794615089893341
445,joplin,0.14974668622016907
446,wilde,0.09056796133518219
447,buddhism,0.10596981644630432
448,header,0.06864287704229355
449,upskirt,0.07003811746835709
450,red,0.07602023333311081
451,pregnant,0.26871880888938904
452,corinthians,0.17332889139652252
453,generated,0.09817792475223541
454,aaa,0.10502035915851593
455,eagle,0.21894674003124237
456,judaism,0.04821255803108215
457,backpack,0.16672441363334656
458,sedona,0.10835007578134537
459,vendor,0.11193859577178955
460,flexible,0.1752449870109558
461,permitted,0.06950560957193375
462,patrol,0.07600944489240646
463,stadium,0.14106588065624237
464,tablet,0.09592147916555405
465,goblet,0.24766883254051208
466,maldives,0.15891411900520325
467,cemeteries,0.21371722221374512
468,ibis,0.08711905032396317
469,seychelles,0.13081306219100952
470,vatican,0.13572543859481812
471,drowning,0.08062051236629486
472,ring,0.14190854132175446
473,tubing,0.12832796573638916
474,chairs,0.31022539734840393
475,benedict,0.13387691974639893
476,gamefaqs,0.06765398383140564
477,cheers,0.10561493039131165
478,puppies,0.20029416680335999
479,chocolates,0.12872658669948578
480,invented,0.08774208277463913
481,clic,0.10149843245744705
482,wheat,0.05505828186869621
483,name,0.1853487193584442
484,paw,0.23697414994239807
485,friends,0.19238649308681488
486,saskatchewan,0.19525887072086334
487,equities,0.1508735716342926
488,uss,0.1779012531042099
489,aladdin,0.10150078684091568
490,column,0.09384763240814209
491,builds,0.16732612252235413
492,bath,0.17946289479732513
493,framework,0.162943035364151
494,mudvayne,0.052514828741550446
495,alps,0.17018170654773712
496,tackles,0.1637713462114334
497,ciara,0.159379780292511
498,burkina,0.09498544037342072
499,bryce,0.17805828154087067
500,nautical,0.13554233312606812
501,soup,0.15479932725429535
502,richter,0.10867965966463089
503,westlife,0.09535181522369385
504,mound,0.19362512230873108
505,aerial,0.1703622192144394
506,epinions,0.1847926527261734
507,curly,0.19009846448898315
508,stars,0.2266029715538025
509,aj,0.05854865908622742
510,dotted,0.10970652103424072
511,discs,0.22640016674995422
512,ecard,0.09384702891111374
513,secretaries,0.19312624633312225
514,sphere,0.2360551804304123
515,bracelets,0.12696333229541779
516,liberty,0.18621525168418884
517,pegasus,0.20427516102790833
518,piano,0.24767017364501953
519,glazing,0.04193567484617233
520,interfere,0.2186967134475708
521,linen,0.09709899127483368
522,preteen,0.13874490559101105
523,profile,0.0771576389670372
524,couple,0.12674731016159058
525,silky,0.14880603551864624
526,aaliyah,0.14842525124549866
527,beanie,0.23114553093910217
528,separates,0.14577504992485046
529,pueblo,0.23052313923835754
530,generations,0.14968158304691315
531,equestrian,0.20950807631015778
532,patrol,0.16610965132713318
533,alamo,0.2029729038476944
534,charges,0.06038458272814751
535,tunnel,0.2530721426010132
536,quarterback,0.10241418331861496
537,averaged,0.11444328725337982
538,rolex,0.13053712248802185
539,children,0.16660818457603455
540,syrup,0.13449539244174957
541,prism,0.21631279587745667
542,spherical,0.13558796048164368
543,sauna,0.159180149435997
544,starters,0.14483772218227386
545,grandparents,0.10952899605035782
546,suits,0.14944565296173096
547,ampland,0.17724540829658508
548,swamp,0.2031950205564499
549,frog,0.19572614133358002
550,needles,0.09993097186088562
551,wedding,0.1264873594045639
552,makeover,0.11900801956653595
553,clerks,0.11954101920127869
554,emoticons,0.1665218323469162
555,acne,0.10610905289649963
556,trivium,0.1345030516386032
557,languages,0.15485818684101105
558,couch,0.20672860741615295
559,municipalities,0.16345487534999847
560,visitor,0.13245980441570282
561,social,0.15833215415477753
562,sofa,0.15768083930015564
563,yemen,0.19897016882896423
564,olympics,0.1198996901512146
565,maize,0.2026430070400238
566,palms,0.2063923329114914
567,crochet,0.23098993301391602
568,bats,0.12731455266475677
569,elephants,0.30062928795814514
570,bottles,0.19727087020874023
571,balcony,0.15850821137428284
572,benches,0.08491449058055878
573,municipalities,0.10470724105834961
574,chanel,0.10954393446445465
575,handful,0.08215294033288956
576,korn,0.14858974516391754
577,exclusion,0.09848195314407349
578,shadows,0.09587624669075012
579,aloe,0.12025534361600876
580,jerseys,0.13156335055828094
581,yosemite,0.09067057818174362
582,dressing,0.10120853781700134
583,eventual,0.21503961086273193
584,tenerife,0.1874517947435379
585,banff,0.19566574692726135
586,stokes,0.13530510663986206
587,yang,0.056426309049129486
588,spring,0.0767553299665451
589,arabic,0.14437639713287354
590,seminar,0.13459399342536926
591,tattoo,0.1924554705619812
592,tones,0.2000146508216858
593,charcoal,0.10920213907957077
594,tissue,0.1853257715702057
595,bethlehem,0.18265753984451294
596,homeowners,0.15159253776073456
597,broccoli,0.19184908270835876
598,stack,0.09278064966201782
599,croatia,0.15336640179157257
600,converse,0.06641340255737305
601,radiology,0.12053980678319931
602,framed,0.22942176461219788
603,enlisted,0.1858469694852829
604,invented,0.08658638596534729
605,headset,0.19803504645824432
606,skeletal,0.1918596476316452
607,shorts,0.19718460738658905
608,creep,0.13113032281398773
609,jabber,0.21640914678573608
610,skipping,0.21019995212554932
611,china,0.18948690593242645
612,hbo,0.10804141312837601
613,arnold,0.1494918167591095
614,patti,0.1857815682888031
615,woods,0.16656312346458435
616,regal,0.1154835969209671
617,merry,0.17452223598957062
618,ch,0.20189109444618225
619,noir,0.1254645586013794
620,nightlife,0.17173093557357788
621,mccartney,0.17754723131656647
622,molecule,0.17149591445922852
623,champions,0.05538882687687874
624,canoeing,0.14963555335998535
625,meadow,0.21255335211753845
626,coldplay,0.06547804921865463
627,warcraft,0.13287116587162018
628,venice,0.17066046595573425
629,cows,0.25360503792762756
630,euros,0.11331486701965332
631,playground,0.17810967564582825
632,clock,0.19968314468860626
633,storms,0.21105384826660156
634,provence,0.1227528378367424
635,muscles,0.0876181572675705
636,aa,0.12225773930549622
637,guru,0.10592537373304367
638,lifting,0.2125973254442215
639,seychelles,0.06813888996839523
640,citrus,0.10767967998981476
641,marines,0.1808640956878662
642,logs,0.16914917528629303
643,bmx,0.13380201160907745
644,yellowstone,0.0866609513759613
645,cathy,0.11538618057966232
646,suspicion,0.1781088262796402
647,dab,0.08296115696430206
648,clerks,0.11041997373104095
649,january,0.16698665916919708
650,atlanta,0.08660014718770981
651,hassle,0.12991024553775787
652,green,0.29692190885543823
653,mimi,0.18104001879692078
654,macau,0.09826911985874176
655,invest,0.17195585370063782
656,steaks,0.18593843281269073
657,sofa,0.09731005132198334
658,tractor,0.17794403433799744
659,anthrax,0.1390734165906906
660,visor,0.1084214597940445
661,infrared,0.1381702870130539
662,horse,0.17045122385025024
663,pentium,0.06938908249139786
664,rebounds,0.1286918669939041
665,hopper,0.10175333172082901
666,baccarat,0.13409794867038727
667,jacket,0.29052507877349854
668,laundering,0.0589568205177784
669,lateral,0.052793268114328384
670,turner,0.05827603489160538
671,toddlers,0.084937684237957
672,tees,0.1540353000164032
673,notebooks,0.19121329486370087
674,alexa,0.1015637218952179
675,lays,0.0953310951590538
676,aerial,0.16235272586345673
677,ascii,0.16210557520389557
678,social,0.03497021272778511
679,leigh,0.1751934438943863
680,bottle,0.22900143265724182
681,visa,0.16080529987812042
682,emerald,0.2723848521709442
683,bosch,0.11561489850282669
684,viking,0.13845759630203247
685,thames,0.17406165599822998
686,kyoto,0.050584688782691956
687,bolivia,0.11220189929008484
688,jeep,0.17979346215724945
689,gong,0.1690143644809723
690,globalisation,0.174164280295372
691,cannes,0.08402551710605621
692,sauna,0.11150297522544861
693,gazette,0.10094359517097473
694,thirty,0.22835974395275116
695,coldplay,0.07051245123147964
696,torino,0.15268929302692413
697,emoticons,0.25305306911468506
698,rupee,0.13107359409332275
699,dotted,0.3239366412162781
700,logo,0.08339528739452362
701,mcgill,0.10593535006046295
702,social,0.17963027954101562
703,damages,0.1791025698184967
704,ribbon,0.12066872417926788
705,fourier,0.08692250400781631
706,seychelles,0.04336310923099518
707,social,0.14465610682964325
708,dialysis,0.15116074681282043
709,tanning,0.09653598815202713
710,magazines,0.10966217517852783
711,handwriting,0.09506331384181976
712,lighthouse,0.24096862971782684
713,generated,0.03275769203901291
714,handbag,0.1188165694475174
715,theo,0.14688977599143982
716,lays,0.17771002650260925
717,ballot,0.06396150588989258
718,clic,0.058346226811409
719,floods,0.1507789045572281
720,mosquito,0.1290673017501831
721,bangalore,0.16982629895210266
722,venom,0.11436082422733307
723,lima,0.13519354164600372
724,uncover,0.1813468337059021
725,specialized,0.1107269823551178
726,profile,0.1810244470834732
727,abandoned,0.17519432306289673
728,water,0.17623580992221832
729,define,0.10470660775899887
730,surgeon,0.22846633195877075
731,northamptonshire,0.07642608135938644
732,hands,0.29568490386009216
733,boating,0.1926162987947464
734,cambridge,0.1514788120985031
735,utilities,0.16255177557468414
736,connecticut,0.07473567873239517
737,mcafee,0.14866173267364502
738,tenders,0.17919611930847168
739,turkmenistan,0.09678896516561508
740,fairy,0.11533843725919724
741,pedestrian,0.18979966640472412
742,outbound,0.1986726075410843
743,angel,0.2032032459974289
744,coppermine,0.07095149904489517
745,nascar,0.06691405177116394
746,syria,0.1340934932231903
747,irene,0.08932439982891083
748,hopper,0.20912620425224304
749,strawberry,0.24448174238204956
750,exercising,0.07905566692352295
751,tents,0.15908154845237732
752,maid,0.07253175973892212
753,drawer,0.14108029007911682
754,mae,0.20563793182373047
755,florists,0.12002482265233994
756,hmmm,0.1518133580684662
757,lisa,0.10217764973640442
758,socks,0.19166027009487152
759,paige,0.10602524876594543
760,fittings,0.09836475551128387
761,interviews,0.11857262253761292
762,paste,0.17835579812526703
763,versace,0.08617331832647324
764,birch,0.14913274347782135
765,salzburg,0.09197098761796951
766,coldplay,0.1616133153438568
767,theo,0.11788291484117508
768,medical,0.172837495803833
769,judges,0.07462184131145477
770,richards,0.16676242649555206
771,abbreviations,0.14437437057495117
772,tunnel,0.21819093823432922
773,crest,0.15924672782421112
774,snowboarding,0.18745018541812897
775,bedroom,0.12927645444869995
776,carving,0.17125239968299866
777,brokeback,0.08927485346794128
778,phillies,0.17065373063087463
779,labrador,0.14368437230587006
780,torres,0.20388764142990112
781,inuyasha,0.0494534969329834
782,universe,0.1845533549785614
783,irrigation,0.07477268576622009
784,drawer,0.20141710340976715
785,cheerleader,0.14546391367912292
786,bridal,0.19598747789859772
787,partitioning,0.20841267704963684
788,vitamins,0.17169559001922607
789,regard,0.12108972668647766
790,seeds,0.17652106285095215
791,bentley,0.19222527742385864
792,pointe,0.21019580960273743
793,dartmouth,0.04715415835380554
794,unsuccessful,0.12152703106403351
795,hiking,0.11445293575525284
796,gate,0.16120296716690063
797,edges,0.12279140204191208
798,crown,0.1818484514951706
799,qc,0.08336684852838516
800,altar,0.08625660091638565
801,arabidopsis,0.08946189284324646
802,gown,0.17518624663352966
803,jr,0.21845369040966034
804,motoring,0.16250301897525787
805,salads,0.2034842073917389
806,hopper,0.10429168492555618
807,dialysis,0.1236075609922409
808,cello,0.1327892541885376
809,judaism,0.10818109661340714
810,channel,0.0909670740365982
811,dresden,0.20960813760757446
812,arrests,0.1085759773850441
813,offset,0.14908237755298615
814,cafeteria,0.06109682843089104
815,headphones,0.27659210562705994
816,berries,0.17278531193733215
817,gate,0.13545046746730804
818,signatures,0.25621575117111206
819,layouts,0.14538881182670593
820,sonoma,0.0840110331773758
821,rajasthan,0.07827214896678925
822,butterfly,0.20416486263275146
823,dunlop,0.20175689458847046
824,basil,0.18298442661762238
825,mosque,0.17399317026138306
826,photography,0.0993662178516388
827,garmin,0.1542038768529892
828,diapers,0.1285131871700287
829,birthdays,0.16209541261196136
830,apron,0.19076626002788544
831,kindness,0.09075562655925751
832,fruit,0.04740658402442932
833,chromosome,0.1468912661075592
834,specialized,0.10573645681142807
835,bethlehem,0.18109232187271118
836,newsweek,0.14382854104042053
837,vietnamese,0.1793404519557953
838,dane,0.13407625257968903
839,otter,0.0861598402261734
840,directions,0.11092328280210495
841,net,0.13209177553653717
842,indoors,0.12269281595945358
843,fiat,0.1270337700843811
844,balcony,0.11990000307559967
845,headset,0.13113565742969513
846,migrants,0.05771397426724434
847,slipknot,0.0955369845032692
848,alamo,0.056508567184209824
849,gowns,0.1735718995332718
850,equals,0.151026651263237
851,boating,0.164757639169693
852,anatomy,0.1999085545539856
853,hogtied,0.06130947172641754
854,dashboard,0.18397840857505798
855,harrisburg,0.2083367258310318
856,bild,0.06435410678386688
857,horse,0.23378422856330872
858,mags,0.06955598294734955
859,saws,0.21440131962299347
860,augustus,0.16984783113002777
861,garnet,0.13345186412334442
862,rye,0.1300881803035736
863,farmhouse,0.15313602983951569
864,commented,0.14709678292274475
865,peace,0.19753125309944153
866,copenhagen,0.1915893852710724
867,rabbits,0.21876591444015503
868,facials,0.07809312641620636
869,tahiti,0.10610750317573547
870,fragrances,0.1465356945991516
871,citrus,0.2333570122718811
872,trivium,0.030341947451233864
873,bild,0.09608986973762512
874,bowling,0.07318166643381119
875,front,0.14444270730018616
876,cheltenham,0.20101407170295715
877,roe,0.22066259384155273
878,worldcat,0.21010729670524597
879,coppermine,0.1052960753440857
880,earl,0.18649372458457947
881,thessalonians,0.05022600293159485
882,suv,0.0961824506521225
883,generated,0.021947123110294342
884,tattoo,0.18715070188045502
885,embl,0.10952918231487274
886,subaru,0.14181920886039734
887,ibis,0.20362235605716705
888,clic,0.08896245807409286
889,tuscany,0.12263263761997223
890,pattern,0.17886973917484283
891,fog,0.19182510673999786
892,jasmine,0.15547877550125122
893,charcoal,0.14927399158477783
894,roadmap,0.09552840143442154
895,forte,0.10055519640445709
896,streamline,0.1855599284172058
897,dolphins,0.1360962986946106
898,landfill,0.18973508477210999
899,irene,0.12182921171188354
900,investigating,0.17396016418933868
901,cathedral,0.1770671159029007
902,lobby,0.09710940718650818
903,nautical,0.1171337366104126
904,porch,0.18468883633613586
905,bookstores,0.19325308501720428
906,peach,0.19479171931743622
907,bald,0.1574287712574005
908,coat,0.18197914958000183
909,schwartz,0.20868094265460968
910,tree,0.21539466083049774
911,utilities,0.12815654277801514
912,hopper,0.010795405134558678
913,presenters,0.0963432639837265
914,vectors,0.26758959889411926
915,edinburgh,0.04962104558944702
916,snooker,0.09547828137874603
917,duff,0.11404810845851898
918,containers,0.17587938904762268
919,neon,0.22560395300388336
920,flags,0.236897811293602
921,benches,0.13233688473701477
922,scottsdale,0.15459991991519928
923,permitted,0.06916537880897522
924,rainbow,0.2050851583480835
925,braille,0.08284050226211548
926,lizard,0.1757451742887497
927,denim,0.10600604116916656
928,dolls,0.17350323498249054
929,accelerator,0.10054972767829895
930,obtained,0.1064925417304039
931,yellow,0.1991553157567978
932,sedona,0.1849214732646942
933,newfoundland,0.15883289277553558
934,mirror,0.15848010778427124
935,carnival,0.10242123901844025
936,year,0.17953051626682281
937,versace,0.2066504955291748
938,confession,0.14137597382068634
939,greenhouse,0.2620186507701874
940,microscope,0.20871713757514954
941,celebrate,0.08310943096876144
942,scotland,0.13238905370235443
943,navy,0.29887622594833374
944,godsmack,0.07970574498176575
945,gardener,0.08482969552278519
946,wiltshire,0.21481525897979736
947,rem,0.130984365940094
948,retrieving,0.09558548033237457
949,wheelchair,0.2534967362880707
950,musicals,0.11636897921562195
951,gamefaqs,0.0648650974035263
952,outdoors,0.23185941576957703
953,bison,0.19049134850502014
954,fragrances,0.1890580952167511
955,nsu,0.16654996573925018
956,smithsonian,0.08448092639446259
957,insist,0.2397836297750473
958,closet,0.20128260552883148
959,irene,0.08605902642011642
960,bild,0.11331312358379364
961,venue,0.14721959829330444
962,azerbaijan,0.09221461415290833
963,cubes,0.09927652031183243
964,splash,0.21436014771461487
965,starch,0.18835045397281647
966,bhutan,0.17101237177848816
967,turkmenistan,0.07178573310375214
968,anthrax,0.04109756276011467
969,parrot,0.23709607124328613
970,salads,0.1943005919456482
971,chickens,0.22829867899417877
972,endeavour,0.12494611740112305
973,flies,0.18898318707942963
974,rustic,0.08042103052139282
975,walks,0.14159604907035828
976,charcoal,0.12433281540870667
977,torres,0.07253152877092361
978,turner,0.20177432894706726
979,balloons,0.32201087474823
980,trivium,0.13524799048900604
981,paintball,0.07416849583387375
982,amethyst,0.20019012689590454
983,charges,0.07889344543218613
984,blackpool,0.1300765573978424
985,dictionary,0.15168948471546173
986,cabo,0.058747299015522
987,shirts,0.17820166051387787
988,schematic,0.1949804127216339
989,porto,0.0930701345205307
990,scottsdale,0.18571937084197998
991,kindergarten,0.1429653763771057
992,basement,0.12810078263282776
993,nigerian,0.09588608145713806
994,figurine,0.10341735929250717
995,sofas,0.3132849335670471
996,footwear,0.20199473202228546
997,benches,0.23116856813430786
998,organ,0.006616721861064434
999,aix,0.06379397213459015
1000,uefa,0.05566146597266197
1001,charger,0.11238217353820801
1002,boise,0.10483165830373764
1003,yoga,0.09043249487876892
1004,mauritania,0.1944308876991272
1005,cleavage,0.12281692028045654
1006,spherical,0.23545874655246735
1007,connecticut,0.05039791390299797
1008,trivium,0.11178431659936905
1009,kissing,0.20602427423000336
1010,parcel,0.22329525649547577
1011,ribs,0.10922492295503616
1012,audience,0.2065863460302353
1013,aclu,0.18189549446105957
1014,nest,0.08690252900123596
1015,wires,0.2297268807888031
1016,armani,0.10644219070672989
1017,backpacking,0.18414312601089478
1018,map,0.04287264868617058
1019,proposes,0.18442398309707642
1020,indemnity,0.10260356217622757
1021,glide,0.07357640564441681
1022,europa,0.051942337304353714
1023,clic,0.11606355011463165
1024,faroe,0.06321415305137634
1025,netherlands,0.11858119070529938
1026,hopper,0.0809551328420639
1027,oxford,0.16009703278541565
1028,asleep,0.27961069345474243
1029,garrison,0.14149272441864014
1030,hero,0.0884074717760086
1031,sane,0.09270972013473511
1032,mai,0.17729705572128296
1033,spiral,0.20039641857147217
1034,streamline,0.11302579194307327
1035,distressed,0.20908240973949432
1036,teachers,0.17505107820034027
1037,ocean,0.2103113979101181
1038,bred,0.12722769379615784
1039,tights,0.20953001081943512
1040,dressing,0.0827784463763237
1041,stocking,0.12357952445745468
1042,surveyors,0.09316524863243103
1043,gandhi,0.20627471804618835
1044,provence,0.13060720264911652
1045,underoath,0.0789622962474823
1046,combining,0.2126334309577942
1047,park,0.13301008939743042
1048,bmg,0.09495511651039124
1049,earrings,0.1486830711364746
1050,females,0.15024083852767944
1051,cart,0.21874457597732544
1052,tajikistan,0.05735916644334793
1053,restoration,0.03612975776195526
1054,acura,0.15356473624706268
1055,peacock,0.15093860030174255
1056,corvette,0.21229103207588196
1057,redhead,0.1761355698108673
1058,nautical,0.07637017965316772
1059,aluminum,0.11954759061336517
1060,bearings,0.16800189018249512
1061,footprint,0.24866683781147003
1062,cassette,0.24527783691883087
1063,sweater,0.3683181703090668
1064,versace,0.07306371629238129
1065,beijing,0.08501599729061127
1066,yves,0.11801469326019287
1067,northamptonshire,0.1896587759256363
1068,stars,0.2471483051776886
1069,array,0.195172518491745
1070,mansion,0.1315271258354187
1071,opal,0.07725167274475098
1072,garrison,0.04506761580705643
1073,paintball,0.0367099866271019
1074,makeup,0.18175746500492096
1075,shark,0.1443728506565094
1076,ukrainian,0.08970723301172256
1077,ciara,0.19320017099380493
1078,tucson,0.1390388160943985
1079,february,0.1514773666858673
1080,opp,0.1062038391828537
1081,dorado,0.08518044650554657
1082,hmmm,0.08106938749551773
1083,fluffy,0.11337988078594208
1084,iu,0.07484301924705505
1085,cancun,0.08927620202302933
1086,anniversary,0.13151994347572327
1087,sclerosis,0.09114133566617966
1088,packaging,0.12349698692560196
1089,bhutan,0.16487519443035126
1090,palestinians,0.15469297766685486
1091,municipality,0.09649689495563507
1092,kuwait,0.11128634959459305
1093,elephants,0.17594851553440094
1094,diapers,0.1465730518102646
1095,bangkok,0.15280431509017944
1096,berkeley,0.21125511825084686
1097,generated,0.12545150518417358
1098,apache,0.10746439546346664
1099,pendants,0.13212786614894867
1100,yorkshire,0.187969371676445
1101,judaism,0.14310142397880554
1102,june,0.15018334984779358
1103,generated,0.098043292760849
1104,less,0.3071078658103943
1105,caterpillar,0.21381710469722748
1106,venice,0.07865560799837112
1107,towels,0.08428734540939331
1108,shepherd,0.18957123160362244
1109,aniston,0.17149469256401062
1110,acne,0.11248907446861267
1111,helsinki,0.08698184043169022
1112,kite,0.2017756551504135
1113,ceremony,0.16545337438583374
1114,nerve,0.05918625742197037
1115,ceramics,0.08630239963531494
1116,friends,0.1873689591884613
1117,trivium,0.07480397820472717
1118,stands,0.0930142030119896
1119,watched,0.1408371925354004
1120,duluth,0.13269047439098358
1121,banner,0.13503803312778473
1122,mic,0.09554116427898407
1123,banner,0.08072535693645477
1124,cocktails,0.14906662702560425
1125,marquette,0.024490151554346085
1126,pitching,0.11023417115211487
1127,duluth,0.11541742831468582
1128,actresses,0.14615494012832642
1129,boarding,0.14517255127429962
1130,welding,0.06442020833492279
1131,weather,0.22194530069828033
1132,generated,0.06606616079807281
1133,rib,0.13908980786800385
1134,swings,0.09780905395746231
1135,amc,0.09072280675172806
1136,childhood,0.10247868299484253
1137,cracks,0.17103669047355652
1138,dinnerware,0.18406368792057037
1139,sane,0.08906986564397812
1140,habitat,0.04408285394310951
1141,charges,0.061168693006038666
1142,connecticut,0.004572343546897173
1143,thanked,0.1826660931110382
1144,pools,0.2018135040998459
1145,playlists,0.046547628939151764
1146,logo,0.07006314396858215
1147,containers,0.20215559005737305
1148,organ,0.09363290667533875
1149,forte,0.0899769738316536
1150,bro,0.14584045112133026
1151,alaska,0.20242667198181152
1152,sunset,0.12543939054012299
1153,acoustic,0.16266705095767975
1154,catering,0.09058978408575058
1155,kittens,0.191555917263031
1156,elephant,0.19808393716812134
1157,gowns,0.15550771355628967
1158,meadow,0.20315274596214294
1159,rowing,0.172113835811615
1160,fuzzy,0.13462194800376892
1161,lesbianas,0.18435147404670715
1162,digimon,0.09993179887533188
1163,boat,0.20525477826595306
1164,exhibits,0.15842664241790771
1165,tank,0.16344693303108215
1166,meanings,0.1452621966600418
1167,rows,0.11970989406108856
1168,slipknot,0.055769167840480804
1169,waterfall,0.14902104437351227
1170,duplex,0.17146161198616028
1171,defend,0.179252490401268
1172,postage,0.18644610047340393
1173,fishes,0.19146935641765594
1174,bed,0.2624576687812805
1175,proposes,0.23275330662727356
1176,toggle,0.1255878210067749
1177,kiribati,0.18798092007637024
1178,packard,0.07529862225055695
1179,turkmenistan,0.20293298363685608
1180,expire,0.12090262770652771
1181,trivium,0.11050599813461304
1182,boots,0.10192437469959259
1183,laundering,0.09142179042100906
1184,oxfordshire,0.09386146068572998
1185,sweep,0.10673096776008606
1186,huskies,0.20559300482273102
1187,ireland,0.184641033411026
1188,terrier,0.10722028464078903
1189,trekking,0.1910555511713028
1190,pa,0.20635801553726196
1191,signup,0.13272012770175934
1192,rammstein,0.060388583689928055
1193,houston,0.14088833332061768
1194,affirm,0.11347740888595581
1195,burberry,0.1737823337316513
1196,playground,0.18341784179210663
1197,bicycles,0.14671598374843597
1198,turkmenistan,0.06428147852420807
1199,pupils,0.11446912586688995
1200,edinburgh,0.21063292026519775
1201,opening,0.07281359285116196
1202,vegetables,0.19447651505470276
1203,lines,0.16219308972358704
1204,raven,0.23809613287448883
1205,relatives,0.19077926874160767
1206,acne,0.10628318041563034
1207,obscene,0.20467542111873627
1208,females,0.206567645072937
1209,engaged,0.08566857874393463
1210,sweatshirts,0.159852534532547
1211,mumbai,0.0945061519742012
1212,panda,0.20429727435112
1213,trish,0.07177816331386566
1214,monastery,0.1281880885362625
1215,vermont,0.06819606572389603
1216,barrels,0.16604918241500854
1217,clemson,0.12968142330646515
1218,codes,0.1708863526582718
1219,servant,0.15149042010307312
1220,tall,0.1528146117925644
1221,gauteng,0.15172776579856873
1222,orchid,0.15062999725341797
1223,banner,0.13615094125270844
1224,sunset,0.18626530468463898
1225,relationships,0.15649637579917908
1226,lotus,0.15802492201328278
1227,fonts,0.18739411234855652
1228,dealership,0.12508206069469452
1229,sponge,0.20302432775497437
1230,cabbage,0.1685720831155777
1231,flying,0.1357743740081787
1232,otter,0.200599804520607
1233,brooks,0.2141566127538681
1234,zinc,0.21065562963485718
1235,delphi,0.09247774630784988
1236,fishermen,0.12365406006574631
1237,chelsea,0.2055228054523468
1238,handwriting,0.17137189209461212
1239,cobb,0.0944257453083992
1240,ubc,0.12724804878234863
1241,families,0.1975414901971817
1242,hussein,0.14399828016757965
1243,pixar,0.08949168026447296
1244,bride,0.17532974481582642
1245,syrup,0.09584490209817886
1246,generated,0.08895120024681091
1247,clic,0.10984482616186142
1248,cain,0.20336323976516724
1249,playlists,0.20446614921092987
1250,champions,0.12322970479726791
1251,embryo,0.12088868021965027
1252,darussalam,0.21930673718452454
1253,ballet,0.15018896758556366
1254,vallarta,0.1118018850684166
1255,asphalt,0.13573507964611053
1256,scheduler,0.14764893054962158
1257,massage,0.0745583027601242
1258,aboriginal,0.11646755784749985
1259,clerks,0.09541420638561249
1260,mushrooms,0.20580531656742096
1261,latina,0.1568966507911682
1262,karaoke,0.21200749278068542
1263,organ,0.11735625565052032
1264,jasmine,0.18707796931266785
1265,billboard,0.09518306702375412
1266,secretary,0.09479221701622009
1267,sky,0.09527240693569183
1268,improvements,0.15092065930366516
1269,bison,0.20352542400360107
1270,monaco,0.10925959795713425
1271,napoleon,0.07780470699071884
1272,researcher,0.16367891430854797
1273,backgammon,0.11767338961362839
1274,batting,0.13836424052715302
1275,seychelles,0.0574776828289032
1276,laundering,0.04602768272161484
1277,dui,0.07582684606313705
1278,ll,0.2300630360841751
1279,gmc,0.19856825470924377
1280,phosphorylation,0.08501497656106949
1281,corinthians,0.08642315864562988
1282,marilyn,0.19599683582782745
1283,baseball,0.20518139004707336
1284,projectors,0.048353731632232666
1285,hacked,0.097904734313488
1286,singing,0.0872352123260498
1287,summit,0.12517863512039185
1288,refuses,0.2390792816877365
1289,technics,0.07493685185909271
1290,dundee,0.1849888414144516
1291,sti,0.0375974178314209
1292,carpet,0.12319819629192352
1293,chanel,0.12823952734470367
1294,athletic,0.13842734694480896
1295,iu,0.09667220711708069
1296,couple,0.08654072880744934
1297,prague,0.18027225136756897
1298,vail,0.12031251192092896
1299,apartment,0.11092206835746765
1300,cookies,0.23674556612968445
1301,cabinets,0.2380303591489792
1302,floral,0.26027724146842957
1303,jigsaw,0.13347932696342468
1304,rei,0.2217235267162323
1305,lake,0.13790632784366608
1306,alarms,0.11179915070533752
1307,sans,0.18945011496543884
1308,breasts,0.15472541749477386
1309,bar,0.15981963276863098
1310,garrison,0.13743236660957336
1311,lakeside,0.1840345710515976
1312,incense,0.10801353305578232
1313,invented,0.10128114372491837
1314,breastfeeding,0.20285341143608093
1315,sky,0.127853125333786
1316,prohibition,0.06763893365859985
1317,arden,0.1862940490245819
1318,presses,0.19563046097755432
1319,gears,0.16201533377170563
1320,coldplay,0.11055411398410797
1321,tablets,0.1634373962879181
1322,galway,0.17116457223892212
1323,domino,0.042534276843070984
1324,outdoors,0.12300100922584534
1325,factories,0.20933082699775696
1326,inuyasha,0.08922237902879715
1327,characters,0.17827415466308594
1328,mario,0.2204844057559967
1329,aa,0.09899671375751495
1330,cabins,0.20883683860301971
1331,makeup,0.11184242367744446
1332,mongolia,0.11008495092391968
1333,godsmack,0.15031127631664276
1334,logos,0.10629665851593018
1335,bride,0.183130145072937
1336,hogtied,0.2937981188297272
1337,sparrow,0.18550026416778564
1338,saturn,0.15312567353248596
1339,surfing,0.12498197704553604
1340,dui,0.06906657665967941
1341,scarface,0.07439687848091125
1342,cashier,0.20408955216407776
1343,aaliyah,0.09413179010152817
1344,motherboards,0.18216478824615479
1345,bears,0.2142617553472519
1346,geophysics,0.1760091632604599
1347,silhouette,0.1305440217256546
1348,coat,0.17937412858009338
1349,percentages,0.1647043526172638
1350,manuscripts,0.10819526016712189
1351,permitted,0.05768425762653351
1352,bedroom,0.16239720582962036
1353,mars,0.16373015940189362
1354,somalia,0.09950704872608185
1355,generated,0.06881371140480042
1356,nightlife,0.10149267315864563
1357,karaoke,0.18159334361553192
1358,tivo,0.1999472975730896
1359,standings,0.06737805902957916
1360,hogtied,0.05921606346964836
1361,bedrooms,0.16858841478824615
1362,tajikistan,0.16441486775875092
1363,gibraltar,0.18614865839481354
1364,physician,0.1642197072505951
1365,badges,0.10905615985393524
1366,pile,0.09993177652359009
1367,haiti,0.21248877048492432
1368,staind,0.0583198145031929
1369,wrench,0.11204776912927628
1370,enamel,0.09185776114463806
1371,mothers,0.1549682319164276
1372,woody,0.10962643474340439
1373,clic,0.07223478704690933
1374,hand,0.18812870979309082
1375,malls,0.1894225776195526
1376,organ,0.10022348165512085
1377,judicial,0.18110837042331696
1378,embryo,0.05376049131155014
1379,nipple,0.09510515630245209
1380,blue,0.21453982591629028
1381,pitcher,0.13600994646549225
1382,rotterdam,0.14669212698936462
1383,firefox,0.10501930862665176
1384,food,0.18146467208862305
1385,soils,0.20728188753128052
1386,thumbzilla,0.09659328311681747
1387,maldives,0.17413440346717834
1388,spherical,0.20269842445850372
1389,mallorca,0.10355281829833984
1390,bracelets,0.21665766835212708
1391,generated,0.1486593782901764
1392,walks,0.08639909327030182
1393,musicians,0.10704855620861053
1394,cartier,0.19282740354537964
1395,towel,0.23124244809150696
1396,ibook,0.09065748751163483
1397,mitsubishi,0.1171727180480957
1398,bild,0.06884671747684479
1399,lancaster,0.0937352180480957
1400,damaging,0.18716782331466675
1401,turner,0.13463152945041656
1402,durango,0.14746926724910736
1403,lettering,0.20807549357414246
1404,peru,0.11501803994178772
1405,county,0.20177710056304932
1406,acne,0.06254667043685913
1407,botswana,0.17086070775985718
1408,kuwait,0.17206446826457977
1409,gamefaqs,0.11093279719352722
1410,socks,0.23284509778022766
1411,turner,0.13707804679870605
1412,hopper,0.19740524888038635
1413,bro,0.23771291971206665
1414,tigers,0.26733091473579407
1415,islands,0.11924689263105392
1416,branson,0.1316685825586319
1417,tees,0.24205255508422852
1418,cowboy,0.19106096029281616
1419,uzbekistan,0.13363336026668549
1420,pastel,0.16784991323947906
1421,farmhouse,0.15058213472366333
1422,rugby,0.07816758751869202
1423,moon,0.2247057855129242
1424,generated,0.09375417977571487
1425,erickson,0.18233507871627808
1426,car,0.19507011771202087
1427,rm,0.11611628532409668
1428,pediatrics,0.11765103042125702
1429,graduated,0.18017417192459106
1430,acne,0.08740340173244476
1431,abstracts,0.10783694684505463
1432,daemon,0.13950641453266144
1433,bride,0.20900988578796387
1434,berlin,0.15315857529640198
1435,ninety,0.19690904021263123
1436,macau,0.16464374959468842
1437,niue,0.10396347939968109
1438,listserv,0.09424582868814468
1439,gal,0.1272473931312561
1440,yosemite,0.20516017079353333
1441,seoul,0.05542605370283127
1442,infrared,0.10656647384166718
1443,fairbanks,0.15558847784996033
1444,leap,0.13279810547828674
1445,generated,0.06238940358161926
1446,apple,0.21789413690567017
1447,chinatown,0.16623307764530182
1448,arabidopsis,0.11194290220737457
1449,kennel,0.16899041831493378
1450,absence,0.14567245543003082
1451,dialysis,0.09222455322742462
1452,conventions,0.16583725810050964
1453,walks,0.15849924087524414
1454,belize,0.07817092537879944
1455,necklace,0.17923416197299957
1456,travelodge,0.21641650795936584
1457,cannes,0.06508803367614746
1458,pod,0.23532216250896454
1459,boat,0.1940706968307495
1460,ashanti,0.19870904088020325
1461,ankle,0.10914316028356552
1462,barn,0.25294655561447144
1463,clinical,0.09980576485395432
1464,overlay,0.2051660716533661
1465,liberty,0.21919748187065125
1466,prague,0.22396573424339294
1467,cities,0.16559994220733643
1468,opal,0.11065015196800232
1469,suits,0.10021553188562393
1470,kirby,0.12388252466917038
1471,boots,0.1913333237171173
1472,ottawa,0.21658475697040558
1473,mayor,0.09353379160165787
1474,paige,0.08350883424282074
1475,gorilla,0.22620996832847595
1476,daughters,0.16210752725601196
1477,cleaned,0.1108296811580658
1478,clancy,0.15051406621932983
1479,dignity,0.1935032457113266
1480,uae,0.21400749683380127
1481,otter,0.13081887364387512
1482,oj,0.09378460049629211
1483,beard,0.17515191435813904
1484,mansion,0.18793846666812897
1485,dress,0.12909576296806335
1486,budgeting,0.1287289261817932
1487,dew,0.09897717833518982
1488,concentrated,0.15270698070526123
1489,riding,0.12447112053632736
1490,prada,0.15573439002037048
1491,synthase,0.04746367037296295
1492,cathy,0.10404366254806519
1493,hogtied,0.15021328628063202
1494,krishna,0.11789204925298691
1495,rio,0.1753675788640976
1496,edison,0.1264476478099823
1497,supporters,0.12686863541603088
1498,salzburg,0.13585582375526428
1499,tyre,0.07511968165636063
1500,surveyor,0.11460553854703903
1501,pets,0.14375826716423035
1502,unisex,0.11623004078865051
1503,rai,0.14126679301261902
1504,glazed,0.0973643884062767
1505,clic,0.07149308919906616
1506,profile,0.21354806423187256
1507,palms,0.23572607338428497
1508,wireless,0.04257494956254959
1509,afro,0.20737041532993317
1510,skirt,0.21040219068527222
1511,grease,0.15720124542713165
1512,inuyasha,0.1333855390548706
1513,nebraska,0.04974187910556793
1514,business,0.15449322760105133
1515,townhouse,0.1033330112695694
1516,crimson,0.19368304312229156
1517,birthdays,0.19703957438468933
1518,capri,0.18845303356647491
1519,galaxies,0.06579282879829407
1520,garrison,0.11128222197294235
1521,freebsd,0.06962914764881134
1522,posters,0.13641609251499176
1523,separates,0.15748415887355804
1524,lic,0.15742237865924835
1525,municipalities,0.17172746360301971
1526,vatican,0.09660474956035614
1527,pineapple,0.22409646213054657
1528,driveway,0.14840495586395264
1529,trucks,0.1913362592458725
1530,amsterdam,0.09888707846403122
1531,trucking,0.18531084060668945
1532,participate,0.07024448364973068
1533,albert,0.11146503686904907
1534,clerks,0.12536297738552094
1535,manufacturers,0.16966670751571655
1536,tutor,0.1348046362400055
1537,clic,0.09769972413778305
1538,monroe,0.10072266310453415
1539,pearls,0.16297227144241333
1540,provence,0.06740710139274597
1541,courtroom,0.18493588268756866
1542,ins,0.10371986031532288
1543,dots,0.25862154364585876
1544,ll,0.2197161614894867
1545,far,0.23277361690998077
1546,pool,0.22614368796348572
1547,rejects,0.07473550736904144
1548,manicures,0.1958690583705902
1549,kauai,0.15654540061950684
1550,traced,0.1967649608850479
1551,rosemary,0.20252227783203125
1552,pesos,0.18445077538490295
1553,rihanna,0.0497831329703331
1554,watercolor,0.0891508236527443
1555,bamboo,0.06942214071750641
1556,gardens,0.17523688077926636
1557,trivium,0.10157120227813721
1558,connecticut,0.08845390379428864
1559,flamingo,0.14110615849494934
1560,shenzhen,0.20544148981571198
1561,laurent,0.09229137748479843
1562,polaroid,0.1080058217048645
1563,creek,0.19587844610214233
1564,mudvayne,0.19403114914894104
1565,iss,0.14424210786819458
1566,wizards,0.0322134904563427
1567,judaism,0.06747519969940186
1568,niue,0.2507648468017578
1569,netgear,0.0750817358493805
1570,wallpapers,0.08197805285453796
1571,hat,0.2790004312992096
1572,cellar,0.10242117941379547
1573,shanghai,0.1060493141412735
1574,vid,0.12554092705249786
1575,cardiff,0.09254911541938782
1576,quartet,0.24191980063915253
1577,slovenia,0.13133879005908966
1578,nyse,0.17392264306545258
1579,garrison,0.054940782487392426
1580,beavers,0.1478295475244522
1581,sailing,0.18393877148628235
1582,senior,0.1626182645559311
1583,harness,0.25213342905044556
1584,footwear,0.26955923438072205
1585,designers,0.1611717939376831
1586,ciara,0.20259012281894684
1587,diapers,0.20056688785552979
1588,pensacola,0.19922484457492828
1589,coffee,0.2303571105003357
1590,mudvayne,0.20941534638404846
1591,organ,0.052347246557474136
1592,giving,0.15150555968284607
1593,composites,0.09773947298526764
1594,lattice,0.1403043121099472
1595,jaws,0.18533855676651
1596,aquaculture,0.07357608526945114
1597,bookmarks,0.1741364449262619
1598,martini,0.22252704203128815
1599,chandelier,0.15785028040409088
1600,wheat,0.11786895990371704
1601,soho,0.13933692872524261
1602,arkansas,0.1371808648109436
1603,creed,0.13653287291526794
1604,bedroom,0.2040206640958786
1605,drafts,0.11029662191867828
1606,huskies,0.24213236570358276
1607,pearls,0.0875806137919426
1608,elegant,0.18006958067417145
1609,yemen,0.1838609129190445
1610,beavers,0.18049776554107666
1611,bern,0.0533292293548584
1612,gorilla,0.2405546009540558
1613,playground,0.2036728858947754
1614,upskirt,0.061575859785079956
1615,sax,0.17322519421577454
1616,social,0.06201083958148956
1617,barrel,0.1968306601047516
1618,judaism,0.10577559471130371
1619,bedroom,0.19154855608940125
1620,surfers,0.07243897020816803
1621,trio,0.14476615190505981
1622,seam,0.10095599293708801
1623,sorrow,0.18715940415859222
1624,fog,0.23063510656356812
1625,deer,0.21844810247421265
1626,noir,0.12534309923648834
1627,ambulance,0.14319577813148499
1628,warrant,0.16578766703605652
1629,transistor,0.08905145525932312
1630,nikki,0.04210786148905754
1631,floral,0.06887076795101166
1632,insect,0.17469555139541626
1633,sticks,0.22228704392910004
1634,mci,0.16296902298927307
1635,barn,0.20754700899124146
1636,maine,0.09725715965032578
1637,cakes,0.13005949556827545
1638,feather,0.17355267703533173
1639,headsets,0.03356796130537987
1640,mansion,0.0952114686369896
1641,generated,0.05367074906826019
1642,thigh,0.10495992004871368
1643,drafts,0.021123219281435013
1644,cambodia,0.1900571584701538
1645,handbag,0.2672017514705658
1646,anon,0.08672916144132614
1647,bosch,0.10106462240219116
1648,emerald,0.15611685812473297
1649,banner,0.07454682886600494
1650,lingerie,0.22326603531837463
1651,cakes,0.1734652817249298
1652,bedroom,0.1614285111427307
1653,greece,0.0936267077922821
1654,nero,0.15122097730636597
1655,dancer,0.21791043877601624
1656,lips,0.14434432983398438
1657,bistro,0.1289536952972412
1658,oj,0.09778148680925369
1659,metropolis,0.12486192584037781
1660,garfield,0.14594852924346924
1661,finn,0.21910464763641357
1662,ropes,0.20829622447490692
1663,fishes,0.16471049189567566
1664,regency,0.10816927254199982
1665,scottsdale,0.11094411462545395
1666,janitorial,0.16718977689743042
1667,daughter,0.14604030549526215
1668,guestbook,0.09744331240653992
1669,lips,0.13671836256980896
1670,comoros,0.08512069284915924
1671,provence,0.12468168139457703
1672,bride,0.19341637194156647
1673,printers,0.10576598346233368
1674,minimal,0.07080666720867157
1675,tenders,0.18591567873954773
1676,canberra,0.238557368516922
1677,galaxies,0.22514638304710388
1678,yves,0.09846571087837219
1679,chef,0.24163952469825745
1680,joomla,0.1607450544834137
1681,managers,0.17716597020626068
1682,height,0.1483001857995987
1683,barn,0.1379731297492981
1684,pearl,0.16166388988494873
1685,toby,0.15085236728191376
1686,noir,0.06509534269571304
1687,mattresses,0.22611123323440552
1688,tunisia,0.19419482350349426
1689,laundering,0.060173291712999344
1690,upskirt,0.14126162230968475
1691,galveston,0.1988527476787567
1692,generated,0.14918287098407745
1693,avian,0.1737513542175293
1694,kayaking,0.12875694036483765
1695,makefile,0.15096168220043182
1696,generated,0.04185018315911293
1697,norwegian,0.11844666302204132
1698,fathers,0.16031816601753235
1699,immunization,0.12341001629829407
1700,cardio,0.09598224610090256
1701,foliage,0.15271981060504913
1702,bald,0.1901649385690689
1703,bulbs,0.10616857558488846
1704,tulip,0.17258161306381226
1705,coil,0.26370716094970703
1706,arabidopsis,0.12291966378688812
1707,samsung,0.10891954600811005
1708,lecturer,0.12451617419719696
1709,playground,0.07137314230203629
1710,courtyard,0.15012694895267487
1711,settlers,0.11234446614980698
1712,farmhouse,0.17424261569976807
1713,picnic,0.14711865782737732
1714,batting,0.11173149198293686
1715,heidelberg,0.22958984971046448
1716,clic,0.09649595618247986
1717,raphael,0.062223903834819794
1718,human,0.2351313829421997
1719,beverages,0.20164719223976135
1720,watches,0.23722133040428162
1721,bungalow,0.1618339866399765
1722,stockings,0.14256177842617035
1723,hopper,0.14694221317768097
1724,knit,0.2765847146511078
1725,budgeting,0.1877533495426178
1726,dressing,0.08904388546943665
1727,coppermine,0.16423407196998596
1728,candles,0.23645348846912384
1729,judaism,0.1082749143242836
1730,matte,0.11492127925157547
1731,amsterdam,0.25544366240501404
1732,herring,0.0961293876171112
1733,trousers,0.16668984293937683
1734,guinea,0.15645255148410797
1735,organ,0.08876334130764008
1736,clic,0.10106968134641647
1737,chinatown,0.08587646484375
1738,nails,0.16839775443077087
1739,glasses,0.31447136402130127
1740,track,0.16518095135688782
1741,charleston,0.1562306433916092
1742,singh,0.15297557413578033
1743,converse,0.1374146193265915
1744,aston,0.07674594223499298
1745,intersection,0.19837532937526703
1746,dune,0.095918670296669
1747,patriotic,0.19239799678325653
1748,classrooms,0.1892242729663849
1749,rockwell,0.11764176189899445
1750,electrons,0.13828998804092407
1751,peacock,0.1792396903038025
1752,emirates,0.22742027044296265
1753,deere,0.09998850524425507
1754,inuyasha,0.07852602005004883
1755,qc,0.05295097082853317
1756,medal,0.19266852736473083
1757,gown,0.14580965042114258
1758,luggage,0.21601873636245728
1759,bosch,0.17276334762573242
1760,businessman,0.1346743106842041
1761,protesters,0.15126894414424896
1762,audience,0.075729601085186
1763,pearls,0.06713499128818512
1764,sti,0.10785581916570663
1765,blue,0.05025052651762962
1766,hug,0.31699174642562866
1767,instructions,0.16095851361751556
1768,necklaces,0.11005361378192902
1769,engineer,0.21612635254859924
1770,bamboo,0.1714451014995575
1771,birch,0.08383466303348541
1772,beard,0.20251303911209106
1773,mccartney,0.05171135440468788
1774,hopper,0.12138009816408157
1775,helmet,0.12785223126411438
1776,denim,0.20685936510562897
1777,toddlers,0.1724621057510376
1778,biographies,0.10760272294282913
1779,municipalities,0.09322450309991837
1780,peacock,0.021861683577299118
1781,uss,0.1602810174226761
1782,sunglasses,0.3212251663208008
1783,bild,0.005249036476016045
1784,outdoors,0.16348975896835327
1785,astronomy,0.19580627977848053
1786,rem,0.13444854319095612
1787,tree,0.15340086817741394
1788,anguilla,0.10618395358324051
1789,couple,0.1799527257680893
1790,acne,0.08728282153606415
1791,billboard,0.06617967039346695
1792,forte,0.08941908180713654
1793,fleece,0.20169147849082947
1794,hopefully,0.16704125702381134
1795,trivium,0.19830739498138428
1796,studios,0.17941585183143616
1797,bracelets,0.12862113118171692
1798,elephants,0.07974192500114441
1799,kiwi,0.1996648907661438
1800,artists,0.16875861585140228
1801,firefighter,0.1690884530544281
1802,social,0.12307623773813248
1803,mudvayne,0.043875254690647125
1804,judaism,0.10460139065980911
1805,progressive,0.167812317609787
1806,map,0.08802907913923264
1807,presiding,0.10304536670446396
1808,licking,0.18147572875022888
1809,skating,0.09175477921962738
1810,westlife,0.1324455738067627
1811,film,0.09708231687545776
1812,header,0.08218167722225189
1813,cancun,0.1515074372291565
1814,irene,0.0731000229716301
1815,social,0.045654166489839554
1816,merry,0.17222075164318085
1817,bicycles,0.16906146705150604
1818,tahiti,0.05837070196866989
1819,clic,0.043437495827674866
1820,suburban,0.1383984237909317
1821,mccartney,0.1102738156914711
1822,rays,0.012568782083690166
1823,television,0.15477865934371948
1824,burberry,0.07963049411773682
1825,accelerator,0.0706179291009903
1826,brussels,0.08981363475322723
1827,logan,0.08607082068920135
1828,studies,0.09697866439819336
1829,piercing,0.08917297422885895
1830,walnut,0.10395285487174988
1831,magazines,0.1834437996149063
1832,asleep,0.14934514462947845
1833,costumes,0.09429692476987839
1834,kite,0.3368322253227234
1835,iu,0.06368260085582733
1836,crowded,0.12217447906732559
1837,nigerian,0.15501637756824493
1838,nursery,0.11192163079977036
1839,yosemite,0.09188384562730789
1840,proposes,0.0908140316605568
1841,blinds,0.10280083119869232
1842,pools,0.1905970573425293
1843,sauna,0.09442855417728424
1844,smoke,0.1816592514514923
1845,reebok,0.08966042101383209
1846,schematic,0.11188140511512756
1847,nightlife,0.17136269807815552
1848,crane,0.2374344766139984
1849,exams,0.2018493413925171
1850,beach,0.1603747010231018
1851,cubes,0.16725993156433105
1852,hogtied,0.052341438829898834
1853,figurine,0.15930502116680145
1854,mansion,0.16645081341266632
1855,grey,0.11391112208366394
1856,garrison,0.08124953508377075
1857,regent,0.23412318527698517
1858,epinions,0.1267092525959015
1859,brides,0.2236620932817459
1860,belarus,0.18879610300064087
1861,porto,0.17509421706199646
1862,faucet,0.21866603195667267
1863,cayman,0.1617070436477661
1864,mudvayne,0.1718139797449112
1865,judaism,0.020807139575481415
1866,ripe,0.13358047604560852
1867,baroque,0.1256481409072876
1868,mccartney,0.19182920455932617
1869,baskets,0.10636986792087555
1870,sauna,0.10755246877670288
1871,demi,0.13509179651737213
1872,sincerely,0.1367935836315155
1873,approves,0.08772914111614227
1874,tivo,0.07172024250030518
1875,delphi,-0.016702964901924133
1876,kylie,0.10398268699645996
1877,bestsellers,0.05073568969964981
1878,justify,0.05611585080623627
1879,protesters,0.06642632186412811
1880,backyard,0.16445136070251465
1881,teams,0.08365601301193237
1882,tomatoes,0.17475102841854095
1883,grooming,0.19097042083740234
1884,borrow,0.20785927772521973
1885,supernatural,0.05737398564815521
1886,tweed,0.08600245416164398
1887,laps,0.11930713057518005
1888,goblet,0.17875663936138153
1889,watched,0.15442927181720734
1890,closest,0.19369521737098694
1891,ceilings,0.08185527473688126
1892,telescope,0.1945502907037735
1893,backdrop,0.10193563252687454
1894,bhutan,0.08944912254810333
1895,morgan,0.07125137001276016
1896,florence,0.16927312314510345
1897,picnic,0.07735288143157959
1898,watchdog,0.13850519061088562
1899,walton,0.2076323926448822
1900,traders,0.13597440719604492
1901,digi,0.23924241960048676
1902,paintball,0.11028522998094559
1903,maui,0.08048844337463379
1904,edgar,0.1760760247707367
1905,banff,0.0642690509557724
1906,sedan,0.1687224954366684
1907,metre,0.1826244294643402
1908,kiribati,0.07886425405740738
1909,herd,0.11602503806352615
1910,pcmcia,0.09470897167921066
1911,moroccan,0.09998440742492676
1912,onions,0.17375048995018005
1913,hoffman,0.18429532647132874
1914,abbreviations,0.0883650928735733
1915,snapshot,0.09648267924785614
1916,volleyball,0.17994467914104462
1917,sand,0.13090233504772186
1918,ebony,0.20913918316364288
1919,pills,0.1804567128419876
1920,commodore,0.11163599789142609
1921,stargate,0.07600417733192444
1922,iu,0.10647997260093689
1923,bikes,0.26742279529571533
1924,snowy,0.0933721512556076
1925,dresses,0.18603739142417908
1926,dots,0.22851800918579102
1927,alexa,0.10042000561952591
1928,churchill,0.10659126937389374
1929,grease,0.08970838785171509
1930,logo,0.06937813013792038
1931,opal,0.13015489280223846
1932,tractors,0.09179564565420151
1933,evanescence,0.07149331271648407
1934,furnishings,0.1902756541967392
1935,handmade,0.09575775265693665
1936,generated,0.08260786533355713
1937,curb,0.10511267930269241
1938,vhf,0.13383720815181732
1939,mississauga,0.09563671052455902
1940,dressing,0.1109413206577301
1941,castle,0.21372050046920776
1942,trophy,0.16584619879722595
1943,sunflower,0.20526260137557983
1944,fargo,0.13625237345695496
1945,grenadines,0.11532735824584961
1946,paige,0.09607384353876114
1947,openbsd,0.07859288156032562
1948,matthias,0.11851796507835388
1949,woodstock,0.06972396373748779
1950,crowded,0.09052246063947678
1951,fiberglass,0.05993865057826042
1952,annapolis,0.16645297408103943
1953,yellowstone,0.050692878663539886
1954,seo,0.12840205430984497
1955,prisoners,0.10523971170186996
1956,pope,0.1712135374546051
1957,hopper,0.1383383572101593
1958,upskirt,0.08167117834091187
1959,snowy,0.19781073927879333
1960,clic,0.08188221603631973
1961,inks,0.17402595281600952
1962,blacks,0.19783177971839905
1963,maestro,0.07644861936569214
1964,covers,0.09406840801239014
1965,redwood,0.16953709721565247
1966,honolulu,0.07077550888061523
1967,sweepstakes,0.07615215331315994
1968,invites,0.16384615004062653
1969,desert,0.09218694269657135
1970,film,0.10280321538448334
1971,oils,0.16928234696388245
1972,programmers,0.07731691747903824
1973,you,0.20380666851997375
1974,trolley,0.13203299045562744
1975,grey,0.3841262459754944
1976,krishna,0.17719535529613495
1977,monitoring,0.10878558456897736
1978,cher,0.1774158626794815
1979,soybean,0.17651861906051636
1980,irene,0.16637426614761353
1981,windshield,0.10557530075311661
1982,webcams,0.07915355265140533
1983,elegant,0.11003409326076508
1984,clouds,0.13508273661136627
1985,minneapolis,0.1755533367395401
1986,circles,0.2103992998600006
1987,worcestershire,0.11435859650373459
1988,appraiser,0.06748887151479721
1989,barrier,0.06786710023880005
1990,branson,0.19624441862106323
1991,garrison,0.09953467547893524
1992,noir,0.0869080126285553
1993,military,0.18280231952667236
1994,seated,0.191620334982872
1995,beach,0.19099240005016327
1996,clock,0.12232166528701782
1997,cactus,0.1162426620721817
1998,insurers,0.06491203606128693
1999,richter,0.04456360638141632
2000,altar,0.08050792664289474
2001,morocco,0.20372629165649414
2002,peek,0.24015474319458008
2003,transistor,0.11431217938661575
2004,clearwater,0.11396051943302155
2005,worldcat,0.1686129868030548
2006,imagination,0.19320431351661682
2007,squirrel,0.2018633633852005
2008,calcium,0.2296426147222519
2009,northwestern,0.17550723254680634
2010,joanna,0.14200077950954437
2011,reporter,0.0778169184923172
2012,qualifying,0.11246898025274277
2013,sf,0.08969037234783173
2014,clic,0.05914181098341942
2015,hearts,0.22644835710525513
2016,arrests,0.06683608144521713
2017,burgundy,0.23938816785812378
2018,supporters,0.13291245698928833
2019,socks,0.20900505781173706
2020,signing,0.09209790825843811
2021,mesh,0.23502439260482788
2022,baking,0.07981090992689133
2023,tetris,0.1758788526058197
2024,guernsey,0.14494197070598602
2025,fencing,0.08465654402971268
2026,ic,0.23740245401859283
2027,hyderabad,0.15214292705059052
2028,saturn,0.09296052157878876
2029,denim,0.3089483678340912
2030,angry,0.1737218201160431
2031,tehran,0.1927199363708496
2032,salad,0.07649631798267365
2033,buddhism,0.09747153520584106
2034,pooh,0.18998849391937256
2035,catalogues,0.10422316193580627
2036,atari,0.11929884552955627
2037,dunes,0.19183896481990814
2038,bournemouth,0.1128179281949997
2039,mauritania,0.11147512495517731
2040,edinburgh,0.09478116035461426
2041,municipalities,0.04814474284648895
2042,slash,0.09169656038284302
2043,platforms,0.08025795221328735
2044,ramps,0.08537944406270981
2045,flooded,0.175919771194458
2046,contested,0.10508742928504944
2047,tampa,0.08643914759159088
2048,tiff,0.14623039960861206
2049,latinas,0.1560303121805191
2050,ciara,0.162163645029068
2051,illuminated,0.0946628674864769
2052,widgets,0.17303109169006348
2053,sub,0.14212296903133392
2054,alamo,0.1810212880373001
2055,channel,0.06074487790465355
2056,gowns,0.09721148014068604
2057,mudvayne,0.089744932949543
2058,tackling,0.10856878757476807
2059,forte,0.10527545213699341
2060,webcams,0.10302336513996124
2061,richter,0.06691263616085052
2062,stargate,0.07979321479797363
2063,rustic,0.11452332884073257
2064,monaco,0.10016235709190369
2065,lotus,0.2031070590019226
2066,kyoto,0.20916438102722168
2067,handful,0.11287228763103485
2068,stockings,0.09949755668640137
2069,spheres,0.21570256352424622
2070,cuba,0.16840407252311707
2071,handwriting,0.10974269360303879
2072,youths,0.1871655136346817
2073,nylon,0.07042039185762405
2074,nunavut,0.17306998372077942
2075,cowboy,0.15158019959926605
2076,meredith,0.1386300027370453
2077,dotted,0.13466058671474457
2078,ankle,0.08835103362798691
2079,luggage,0.10593512654304504
2080,alienware,0.13574789464473724
2081,parade,0.16919255256652832
2082,feeds,0.03993111103773117
2083,embryo,0.07646743953227997
2084,judaism,0.07803337275981903
2085,brides,0.1904023438692093
2086,tubing,0.19892483949661255
2087,verona,0.14211128652095795
2088,rowing,0.06086400896310806
2089,trailers,0.20869289338588715
2090,pendant,0.17691561579704285
2091,yves,0.15374022722244263
2092,forte,0.1878174990415573
2093,rental,0.07329853624105453
2094,outfits,0.166811004281044
2095,wrench,0.09545792639255524
2096,ferries,0.23245352506637573
2097,paige,0.09699226915836334
2098,generated,0.11493518948554993
2099,botswana,0.13753849267959595
2100,jacuzzi,0.12270177155733109
2101,caterpillar,0.20622998476028442
2102,capri,0.10150230675935745
2103,dwi,0.1864653080701828
2104,skiing,0.21555277705192566
2105,paige,0.16500796377658844
2106,equip,0.06791840493679047
2107,scanned,0.09761163592338562
2108,egypt,0.12552648782730103
2109,canoeing,0.1891188770532608
2110,paralegal,0.1746431589126587
2111,officer,0.14278960227966309
2112,agendas,0.0692940279841423
2113,picnic,0.20880094170570374
2114,performing,0.12549686431884766
2115,charcoal,0.07446437329053879
2116,soma,0.22608131170272827
2117,senior,0.11069101840257645
2118,maldives,0.11720652878284454
2119,greenville,0.08261941373348236
2120,attendant,0.10278462618589401
2121,loch,0.12858420610427856
2122,wy,0.19778034090995789
2123,rotterdam,0.16467849910259247
2124,affiliate,0.1381690502166748
2125,backpacking,0.15179644525051117
2126,gears,0.177552729845047
2127,bridal,0.15454000234603882
2128,hogtied,0.0961388573050499
2129,dots,0.06851018220186234
2130,stargate,0.10239580273628235
2131,rowing,0.20091989636421204
2132,nationals,0.07522917538881302
2133,hubs,0.11422212421894073
2134,header,0.05795476585626602
2135,performing,0.14461836218833923
2136,paintball,0.08852361887693405
2137,film,0.0744655579328537
2138,owl,0.23510876297950745
2139,vermont,0.14743763208389282
2140,illnesses,0.1074383407831192
2141,beyonce,0.17982861399650574
2142,moroccan,0.0839904248714447
2143,boats,0.1984875500202179
2144,battery,0.054014652967453
2145,amex,0.12575747072696686
2146,sonata,0.07315284758806229
2147,american,0.20332491397857666
2148,municipalities,0.09703543037176132
2149,graves,0.12702269852161407
2150,slipknot,0.10422579944133759
2151,orange,0.2051093578338623
2152,trivium,0.16663120687007904
2153,sailing,0.19221360981464386
2154,slovenia,0.033352915197610855
2155,renders,0.13688924908638
2156,roofing,0.2187056541442871
2157,assemblies,0.07931653410196304
2158,msn,0.1479709893465042
2159,designers,0.17353440821170807
2160,belts,0.19178757071495056
2161,sti,0.13206002116203308
2162,pole,0.25859811902046204
2163,bei,0.22162258625030518
2164,greenhouse,0.10562263429164886
2165,cartoons,0.07020348310470581
2166,sloan,0.07264356315135956
2167,inks,0.17446714639663696
2168,crocodile,0.24160031974315643
2169,quarterback,0.19160324335098267
2170,grease,0.08687297999858856
2171,rajasthan,0.15321439504623413
2172,cliffs,0.20649704337120056
2173,gowns,0.18959327042102814
2174,osaka,0.14656268060207367
2175,deviantart,0.07322514802217484
2176,hash,0.1741323173046112
2177,redhead,0.32298365235328674
2178,underoath,0.09485280513763428
2179,enterprise,0.09687849134206772
2180,fairies,0.11054878681898117
2181,shapiro,0.13807442784309387
2182,harrisburg,0.19061684608459473
2183,cactus,0.11856616288423538
2184,snowy,0.14844262599945068
2185,taxes,0.14690084755420685
2186,tivo,0.06604014337062836
2187,hopper,0.08173052966594696
2188,supernatural,0.13089852035045624
2189,sunrise,0.1043906956911087
2190,dressing,0.09921234846115112
2191,sdl,0.23177623748779297
2192,yosemite,0.08253629505634308
2193,preschool,0.18613050878047943
2194,transexual,0.1765027791261673
2195,hare,0.1092982068657875
2196,cherries,0.11613280326128006
2197,invented,0.07737384736537933
2198,paige,0.08828949183225632
2199,comparisons,0.2507997751235962
2200,clerks,0.1356622874736786
2201,fall,0.2528824508190155
2202,size,0.07164935767650604
2203,tailored,0.11337196826934814
2204,boxer,0.19723105430603027
2205,samoa,0.21604493260383606
2206,nails,0.1864962875843048
2207,municipalities,0.07561637461185455
2208,jingle,0.22447451949119568
2209,potter,0.17297905683517456
2210,dress,0.17709922790527344
2211,fb,0.192091703414917
2212,justify,0.08721949905157089
2213,tourists,0.14855541288852692
2214,restoration,0.13243317604064941
2215,grease,0.09512539952993393
2216,nero,0.11127148568630219
2217,bhutan,0.10748741030693054
2218,clarkson,0.161943718791008
2219,godsmack,0.061400555074214935
2220,ballet,0.24107599258422852
2221,salons,0.19162285327911377
2222,volleyball,0.07692217826843262
2223,cherries,0.22706793248653412
2224,acne,0.1245860904455185
2225,municipalities,0.0953112542629242
2226,lesotho,0.06597714871168137
2227,shepherd,0.18120911717414856
2228,bikini,0.1812901347875595
2229,warrant,0.2429705262184143
2230,snorkeling,0.22531858086585999
2231,summit,0.1545376181602478
2232,generated,0.11681158095598221
2233,disney,0.15306632220745087
2234,vancouver,0.1446387767791748
2235,worldcat,0.19380193948745728
2236,garrison,0.11152640730142593
2237,nuclear,0.08766959607601166
2238,police,0.1895977109670639
2239,irene,0.10823193937540054
2240,hoops,0.2014048993587494
2241,terrier,0.09501451998949051
2242,curly,0.23503825068473816
2243,owls,0.21092815697193146
2244,thanksgiving,0.18242445588111877
2245,watercolor,0.09095315635204315
2246,harbour,0.20660105347633362
2247,lipstick,0.15194407105445862
2248,defend,0.12194925546646118
2249,social,0.015484197065234184
2250,mustang,0.21124304831027985
2251,swamp,0.12915140390396118
2252,scarf,0.08658505231142044
2253,webshots,0.12974697351455688
2254,generated,0.11068302392959595
2255,arabidopsis,0.21102723479270935
2256,combining,0.17151018977165222
2257,graphite,0.2677890658378601
2258,ditch,0.016979094594717026
2259,turquoise,0.198589488863945
2260,tasmania,0.17960509657859802
2261,eleven,0.16079621016979218
2262,sidewalk,0.13482505083084106
2263,selling,0.12932726740837097
2264,rammstein,0.09204904735088348
2265,cushion,0.2173157036304474
2266,arabidopsis,0.12531360983848572
2267,courtroom,0.08475704491138458
2268,caterpillar,0.15859490633010864
2269,subway,0.12010622024536133
2270,lime,0.17322082817554474
2271,noir,0.08637522161006927
2272,rainy,0.1175403892993927
2273,rainy,0.10323184728622437
2274,galveston,0.20685231685638428
2275,atx,0.091895692050457
2276,soho,0.0936412662267685
2277,anguilla,0.21567654609680176
2278,generated,0.06748555600643158
2279,monaco,0.07223314046859741
2280,vanuatu,0.11510445177555084
2281,xemacs,0.05109449476003647
2282,vr,0.10342571139335632
2283,wheat,0.10973040014505386
2284,electron,0.07875208556652069
2285,barron,0.16338831186294556
2286,black,0.2404307723045349
2287,augustus,0.1121545284986496
2288,laden,0.19768375158309937
2289,duff,-0.0016332268714904785
2290,fields,0.16480416059494019
2291,gate,0.20105485618114471
2292,forrest,0.1523512750864029
2293,rowing,0.07359930872917175
2294,pals,0.18290649354457855
2295,semiconductors,0.09784004837274551
2296,weymouth,0.17054738104343414
2297,communion,0.16109955310821533
2298,cavalry,0.17639261484146118
2299,golfing,0.08681230247020721
2300,blanket,0.20493298768997192
2301,otter,0.19880110025405884
2302,servant,0.10246815532445908
2303,upskirt,0.17435012757778168
2304,wil,0.228010892868042
2305,andorra,0.17850591242313385
2306,podcasting,0.17152155935764313
2307,carrots,0.19237251579761505
2308,lounge,0.1688670665025711
2309,beyonce,0.11997037380933762
2310,watercolor,0.1516963690519333
2311,blooms,0.19010484218597412
2312,attain,0.07450495660305023
2313,social,0.04303630068898201
2314,gentoo,0.12659430503845215
2315,bild,0.0696026161313057
2316,kiosk,0.1934920847415924
2317,vertices,0.23135724663734436
2318,vineyards,0.20539075136184692
2319,inlet,0.14400628209114075
2320,canopy,0.1977466642856598
2321,marital,0.1315925568342209
2322,cakes,0.20047660171985626
2323,insect,0.20165883004665375
2324,bild,0.11616995930671692
2325,painter,0.18926773965358734
2326,latex,0.12979677319526672
2327,blur,0.09718170762062073
2328,nicaragua,0.22261753678321838
2329,roofing,0.11119556427001953
2330,waterfall,0.2194250077009201
2331,raid,0.11492729187011719
2332,gladly,0.22861932218074799
2333,hmmm,0.08841928094625473
2334,norway,0.18149268627166748
2335,laptop,0.2012908160686493
2336,doubles,0.08078300207853317
2337,trish,0.12452499568462372
2338,stein,0.22495165467262268
2339,pile,0.04289012402296066
2340,columns,0.09836417436599731
2341,sofas,0.2018963098526001
2342,curb,0.17366072535514832
2343,profile,0.13564330339431763
2344,moroccan,0.10869543999433517
2345,judaism,0.10828828811645508
2346,preschool,0.17522163689136505
2347,maori,0.14913257956504822
2348,proposing,0.1428016573190689
2349,shanghai,0.06284839659929276
2350,delhi,0.11630915850400925
2351,buddhism,0.1266407072544098
2352,pearls,0.20558151602745056
2353,invite,0.054025255143642426
2354,palestinian,0.11106932163238525
2355,descending,0.1600814312696457
2356,player,0.1630765199661255
2357,kyoto,0.07958727329969406
2358,hopper,0.08318546414375305
2359,mineral,0.07223143428564072
2360,sustainability,0.2067878097295761
2361,creed,0.08359245210886002
2362,dui,0.09115742146968842
2363,estate,0.07581844925880432
2364,tenerife,0.18343961238861084
2365,cannabis,0.1743089258670807
2366,kite,0.16318872570991516
2367,venetian,0.20209947228431702
2368,tulip,0.22068330645561218
2369,flock,0.1814350038766861
2370,stadium,0.12056516855955124
2371,titanic,0.1037868782877922
2372,shenzhen,0.10169757902622223
2373,monaco,0.18594904243946075
2374,theo,0.0857284665107727
2375,floral,0.2951511740684509
2376,hogtied,0.07287255674600601
2377,airsoft,0.12617257237434387
2378,glitter,0.2264685332775116
2379,ecard,0.07864145189523697
2380,mansion,0.13130006194114685
2381,secretariat,0.10254735499620438
2382,elderly,0.21959057450294495
2383,garages,0.21727827191352844
2384,confession,0.17539064586162567
2385,valentino,0.06915917247533798
2386,tempe,0.06934059411287308
2387,lemon,0.244888037443161
2388,tahoe,0.18586070835590363
2389,stocking,0.08445225656032562
2390,peacock,0.1876075267791748
2391,charger,0.14669650793075562
2392,pumpkin,0.17894867062568665
2393,flea,0.15367044508457184
2394,renault,0.12712408602237701
2395,symbian,0.09242240339517593
2396,rockwell,0.0701349526643753
2397,grey,0.2704833149909973
2398,hopper,0.09360449016094208
2399,dressing,0.11242755502462387
2400,batman,0.19798636436462402
2401,bowling,0.11421675980091095
2402,hmmm,0.1262693554162979
2403,hopper,0.1312742382287979
2404,namibia,0.13786697387695312
2405,beer,0.17134380340576172
2406,seamless,0.09006629139184952
2407,landscape,0.1521807610988617
2408,gran,0.1701585054397583
2409,svalbard,0.10498350858688354
2410,valve,0.101176418364048
2411,cow,0.20558029413223267
2412,classroom,0.17971426248550415
2413,proliant,0.09119225293397903
2414,belts,0.15035578608512878
2415,eminem,0.12562839686870575
2416,birds,0.19082431495189667
2417,clerks,0.09103386849164963
2418,winter,0.12673676013946533
2419,worldcat,0.20510715246200562
2420,skull,0.2482500821352005
2421,therapists,0.11227262765169144
2422,curly,0.15284417569637299
2423,airplanes,0.21860601007938385
2424,handful,0.0690426304936409
2425,garrison,0.093763068318367
2426,willard,0.23885002732276917
2427,bakersfield,0.07513003796339035
2428,santa,0.1976744532585144
2429,monument,0.11621375381946564
2430,dialysis,0.1257789582014084
2431,cone,0.14381974935531616
2432,richter,0.11259179562330246
2433,beige,0.07185234129428864
2434,irish,0.17774155735969543
2435,genital,0.22139576077461243
2436,volleyball,0.11421151459217072
2437,poker,0.16047154366970062
2438,sunflower,0.25429466366767883
2439,umbrella,0.1765468865633011
2440,safaris,0.042698610574007034
2441,generated,0.09430376440286636
2442,happily,0.11576160788536072
2443,medal,0.06917993724346161
2444,hummer,0.12472033500671387
2445,lohan,0.15345634520053864
2446,branches,0.2018548846244812
2447,jfk,0.10389072448015213
2448,render,0.1165589988231659
2449,tweed,0.11054158955812454
2450,enamel,0.1120791807770729
2451,abbreviations,0.08016514033079147
2452,calendars,0.1566089242696762
2453,franco,0.09173587709665298
2454,sunset,0.20753026008605957
2455,numbering,0.17805668711662292
2456,aquaculture,0.1647772341966629
2457,skull,0.20294658839702606
2458,vatican,0.16736814379692078
2459,signature,0.12652239203453064
2460,copper,0.22454430162906647
2461,organ,0.11698590964078903
2462,header,0.0844942107796669
2463,compatibility,0.113127700984478
2464,suburbs,0.09957181662321091
2465,chanel,0.02225615829229355
2466,presents,0.18228214979171753
2467,victorian,0.15012222528457642
2468,webcams,0.1650645136833191
2469,asians,0.17306435108184814
2470,thermometer,0.07480712980031967
2471,bees,0.0838153287768364
2472,bears,0.19471526145935059
2473,bear,0.19010303914546967
2474,protesters,0.07703904807567596
2475,coats,0.16210222244262695
2476,organs,0.1354159116744995
2477,delighted,0.1354590654373169
2478,thankful,0.05145472288131714
2479,tube,0.18916326761245728
2480,condos,0.1768447309732437
2481,pediatrics,0.1108250543475151
2482,skull,0.23246055841445923
2483,kayaking,0.17436005175113678
2484,stockings,0.10024014860391617
2485,interior,0.09409952908754349
2486,film,0.1500260829925537
2487,anguilla,0.09166015684604645
2488,charges,0.06663031131029129
2489,needs,0.17564456164836884
2490,inuyasha,0.15553894639015198
2491,skeletal,0.20329256355762482
2492,kyoto,0.013406503945589066
2493,station,0.19455404579639435
2494,premiere,0.1301192343235016
2495,airlines,0.12097445130348206
2496,arxiv,0.07681439816951752
2497,shark,0.20623505115509033
2498,bicycles,0.18445295095443726
2499,curved,0.12374923378229141
2500,supra,0.20779962837696075
2501,hogtied,0.06050257757306099
2502,shakes,0.14626702666282654
2503,cathy,0.19758865237236023
2504,discharge,0.06888047605752945
2505,aix,0.0693027451634407
2506,social,0.06592458486557007
2507,fedora,0.28135284781455994
2508,ascii,0.12814107537269592
2509,animalsex,0.08727864176034927
2510,laptop,0.22897636890411377
2511,obituary,0.0896226242184639
2512,browne,0.16175833344459534
2513,church,0.16224469244480133
2514,iu,0.19776521623134613
2515,synchronization,0.10226928442716599
2516,asm,0.11313537508249283
2517,equation,0.11577943712472916
2518,caterpillar,0.17515167593955994
2519,forks,0.2321944236755371
2520,sauna,0.13367614150047302
2521,gameplay,0.1020951122045517
2522,dependent,0.2021699994802475
2523,generated,0.13025373220443726
2524,nightclub,0.14644333720207214
2525,downward,0.205819234251976
2526,ecard,0.17827877402305603
2527,music,0.19234433770179749
2528,eur,0.1957240253686905
2529,twiztid,0.15192657709121704
2530,brushes,0.03159942477941513
2531,wigs,0.09731893241405487
2532,flag,0.12139329314231873
2533,usgs,0.1275883913040161
2534,bender,0.19482120871543884
2535,paintball,0.06883417814970016
2536,social,0.19510731101036072
2537,breakfasts,0.15131032466888428
2538,judaism,0.11812661588191986
2539,potatoes,0.1722603440284729
2540,dmoz,0.11165202409029007
2541,ophthalmology,0.19375956058502197
2542,duck,0.20518310368061066
2543,grease,0.09960289299488068
2544,mod,0.1952570229768753
2545,svalbard,0.23623451590538025
2546,vanuatu,0.11245604604482651
2547,mirror,0.05823787301778793
2548,judaism,0.06113699823617935
2549,banquet,0.11685233563184738
2550,whisper,0.17003077268600464
2551,rammstein,0.07701700925827026
2552,guestbook,0.17880134284496307
2553,deer,0.23582662642002106
2554,polynesia,0.0737190768122673
2555,contests,0.1501755714416504
2556,bee,0.20293694734573364
2557,coral,0.19530463218688965
2558,berlin,0.07108813524246216
2559,desk,0.12007225304841995
2560,generated,0.09110692143440247
2561,editions,0.15488794445991516
2562,overlay,0.09502468258142471
2563,shannon,0.13423237204551697
2564,diapers,0.134054496884346
2565,presidents,0.17835025489330292
2566,knitting,0.10964715480804443
2567,pier,0.18710264563560486
2568,dewalt,0.2021217942237854
2569,park,0.11689352244138718
2570,trivium,0.08685129880905151
2571,wildcats,0.13189609348773956
2572,indonesian,0.15567341446876526
2573,outdoors,0.053831152617931366
2574,suits,0.26770398020744324
2575,marquette,0.12261486053466797
2576,white,0.22930389642715454
2577,soups,0.20021909475326538
2578,background,0.13145248591899872
2579,horseback,0.17116856575012207
2580,singh,0.18309013545513153
2581,taipei,0.09540441632270813
2582,chennai,0.13834181427955627
2583,rake,0.1570710837841034
2584,episodes,0.1347777098417282
2585,yves,0.10857907682657242
2586,bouquets,0.14503858983516693
2587,undefined,0.13510531187057495
2588,armour,0.1850530058145523
2589,leds,0.165262371301651
2590,colt,0.13823942840099335
2591,pale,0.1205601841211319
2592,instructors,0.11144977807998657
2593,iu,0.07537999749183655
2594,roses,0.20755934715270996
2595,eyes,0.11774129420518875
2596,erosion,0.19299471378326416
2597,prohibited,0.22576063871383667
2598,kijiji,0.1067303866147995
2599,film,0.13305851817131042
2600,sleeve,0.09305093437433243
2601,specimen,0.0841866135597229
2602,garrison,0.0822092816233635
2603,loft,0.10061246156692505
2604,docs,0.11703196167945862
2605,rub,0.19153279066085815
2606,erickson,0.15530456602573395
2607,snowmobile,0.16674065589904785
2608,ciara,0.12027854472398758
2609,notch,0.18974441289901733
2610,winnipeg,0.10242708027362823
2611,bookmarks,0.20339107513427734
2612,appalachian,0.16783910989761353
2613,composite,0.07321418821811676
2614,hopper,0.08487171679735184
2615,obituary,0.1446514129638672
2616,proposes,0.19721870124340057
2617,brisbane,0.06376403570175171
2618,turkmenistan,0.15305760502815247
2619,livejournal,0.15249760448932648
2620,baccarat,0.08678144216537476
2621,regency,0.06546720117330551
2622,edgar,0.1661006063222885
2623,web,0.1097586378455162
2624,happily,0.20929931104183197
2625,buddha,0.20131966471672058
2626,beyonce,0.14899803698062897
2627,bild,0.05546044558286667
2628,fencing,0.06641329824924469
2629,nazis,0.052091263234615326
2630,covington,0.07865765690803528
2631,dancing,0.17304059863090515
2632,galveston,0.09888710826635361
2633,barron,0.1159593015909195
2634,van,0.2138737589120865
2635,namibia,0.14044658839702606
2636,nautical,0.20324140787124634
2637,mechanism,0.03854053467512131
2638,motel,0.13237378001213074
2639,fireplaces,0.1741151511669159
2640,hopper,0.07198977470397949
2641,irish,0.2100106179714203
2642,invented,0.025490745902061462
2643,grease,0.11597767472267151
2644,propane,0.12687240540981293
2645,chanel,0.09990942478179932
2646,lookup,0.1504533439874649
2647,generated,0.1361132711172104
2648,melbourne,0.12593254446983337
2649,gowns,0.15807783603668213
2650,espresso,0.16613294184207916
2651,belgium,0.18845976889133453
2652,makeup,0.19203338027000427
2653,social,0.07276110351085663
2654,springer,0.14014114439487457
2655,chocolate,0.18385861814022064
2656,signing,0.19716987013816833
2657,shrek,0.12187512218952179
2658,glitter,0.2301710844039917
2659,chambers,0.2145458310842514
2660,shells,0.17299889028072357
2661,yacht,0.11352980881929398
2662,desktop,0.08095329999923706
2663,codes,0.12222584336996078
2664,icelandic,0.1410355567932129
2665,fleet,0.18008527159690857
2666,biography,0.08668951690196991
2667,hair,0.22322964668273926
2668,garland,0.20678314566612244
2669,details,0.1383206844329834
2670,daughters,0.15063810348510742
2671,easter,0.08688392490148544
2672,sleeve,0.18748238682746887
2673,convertible,0.1570887565612793
2674,shorts,0.24947763979434967
2675,hogtied,0.10417003184556961
2676,lieutenant,0.11591878533363342
2677,vibrator,0.19203338027000427
2678,boats,0.2045922726392746
2679,paige,0.15987060964107513
2680,softcover,0.08731571584939957
2681,malaysian,0.11575157195329666
2682,surfaces,0.20430351793766022
2683,bod,0.2083948850631714
2684,incorrectly,0.2221831977367401
2685,headsets,0.2367001473903656
2686,helper,0.1811026930809021
2687,ciara,0.20031389594078064
2688,soups,0.1837766021490097
2689,missing,0.16038362681865692
2690,ecard,0.12577219307422638
2691,generated,0.11828234791755676
2692,generated,0.15131568908691406
2693,westlife,0.18154892325401306
2694,tyres,0.09795555472373962
2695,park,0.16135120391845703
2696,cern,0.06720966100692749
2697,nikki,0.17765530943870544
2698,yves,0.15654198825359344
2699,pensacola,0.20509807765483856
2700,heels,0.11714252829551697
2701,maxim,0.18205253779888153
2702,baht,0.14066365361213684
2703,tv,0.22199545800685883
2704,gameplay,0.08737112581729889
2705,faroe,0.11559180915355682
2706,municipalities,0.05539323389530182
2707,venom,0.0995895192027092
2708,doctors,0.21255174279212952
2709,vine,0.16025426983833313
2710,ironing,0.08912579715251923
2711,kaplan,0.17353202402591705
2712,shopping,0.2477659285068512
2713,monks,0.1317044347524643
2714,vineyards,0.05436822399497032
2715,provence,0.21811945736408234
2716,denmark,0.1223524808883667
2717,hoodia,0.07010826468467712
2718,dollars,0.19159050285816193
2719,arabidopsis,0.08032478392124176
2720,ribbon,0.16236190497875214
2721,redesign,0.10025467723608017
2722,evanescence,0.11266957223415375
2723,desserts,0.062301430851221085
2724,maize,0.18117669224739075
2725,door,0.13113468885421753
2726,authorised,0.07905415445566177
2727,graphite,0.2191159576177597
2728,clam,0.18800222873687744
2729,chinatown,0.09802789241075516
2730,mermaid,0.06939658522605896
2731,theatres,0.1978512555360794
2732,chickens,0.2219567745923996
2733,supernatural,0.10136464238166809
2734,gallery,0.1891273856163025
2735,paige,0.15327227115631104
2736,dusk,0.288892537355423
2737,belgrade,0.11093540489673615
2738,footprint,0.0916968286037445
2739,volcano,0.1642446219921112
2740,aim,0.12420747429132462
2741,dune,0.06242557242512703
2742,spires,0.1920720487833023
2743,social,0.07336446642875671
2744,travelodge,0.20151808857917786
2745,police,0.20222020149230957
2746,wsop,0.08977454900741577
2747,barrier,0.10693851113319397
2748,petersburg,0.23384328186511993
2749,fountains,0.21209724247455597
2750,joanna,0.1884728968143463
2751,tree,0.18665888905525208
2752,outdoors,0.15962566435337067
2753,bodybuilding,0.19199471175670624
2754,glassware,0.2122950404882431
2755,defect,0.22347688674926758
2756,judaism,0.07362382113933563
2757,trunk,0.19449083507061005
2758,crashing,0.1864567995071411
2759,inuyasha,0.1265832781791687
2760,robe,0.18867293000221252
2761,widgets,0.05363022908568382
2762,chemist,0.1980268359184265
2763,mccartney,0.19148214161396027
2764,gamefaqs,0.08140441030263901
2765,turtles,0.26850956678390503
2766,rem,0.06499683111906052
2767,sims,0.06014770269393921
2768,paris,0.14899960160255432
2769,provence,0.06539555639028549
2770,proposed,0.1759507954120636
2771,miner,0.19647616147994995
2772,parrot,0.1921309381723404
2773,horseback,0.19303689897060394
2774,galileo,0.13414928317070007
2775,officers,0.11356561630964279
2776,boise,0.16761600971221924
2777,denim,0.21996919810771942
2778,cooke,0.21745887398719788
2779,hacked,0.16975776851177216
2780,inequalities,0.21165546774864197
2781,buys,0.13167276978492737
2782,bosch,0.16455072164535522
2783,swings,0.08993443101644516
2784,widgets,0.19118326902389526
2785,deemed,0.23748968541622162
2786,espresso,0.1753316968679428
2787,emu,0.11387171596288681
2788,taipei,0.10955692827701569
2789,gamespot,0.17912212014198303
2790,aloe,0.23559564352035522
2791,horseback,0.21154199540615082
2792,moonlight,0.14980603754520416
2793,rupee,0.11679032444953918
2794,chanel,0.14445087313652039
2795,martinique,0.10064977407455444
2796,invite,0.07701026648283005
2797,catalogs,0.0913819968700409
2798,transistor,0.1128663718700409
2799,gratis,0.13377341628074646
2800,pixel,0.1925656795501709
2801,tummy,0.1624407023191452
2802,seeds,0.1419961154460907
2803,film,0.20115718245506287
2804,trackback,0.21695177257061005
2805,platform,0.13779087364673615
2806,organ,0.07627927511930466
2807,electrode,0.0920574963092804
2808,uploading,0.044942717999219894
2809,lawn,0.19156508147716522
2810,chess,0.2619946599006653
2811,nevada,0.19459089636802673
2812,moon,0.24851061403751373
2813,granite,0.20775797963142395
2814,batteries,0.14730343222618103
2815,mudvayne,0.11091995984315872
2816,bedroom,0.20266905426979065
2817,milfhunter,0.1947082132101059
2818,badminton,0.11168594658374786
2819,cabin,0.1598150134086609
2820,premiere,0.17534072697162628
2821,candid,0.09796935319900513
2822,moss,0.2007928341627121
2823,kuwait,0.09878625720739365
2824,writer,0.17552876472473145
2825,bangkok,0.12425325810909271
2826,vf,0.22356392443180084
2827,nebraska,0.18543288111686707
2828,eclipse,0.12989777326583862
2829,moroccan,0.21392330527305603
2830,defence,0.15901251137256622
2831,intersection,0.14251883327960968
2832,whispered,0.1728532612323761
2833,lesbos,0.15541726350784302
2834,croydon,0.13206636905670166
2835,spotted,0.08396920561790466
2836,yves,0.08677813410758972
2837,trivium,0.05482734739780426
2838,directing,0.1003141850233078
2839,bild,0.09096378833055496
2840,hopper,0.06944896280765533
2841,packaging,0.19138433039188385
2842,weld,0.09810901433229446
2843,moroccan,0.11444516479969025
2844,sinking,0.16162371635437012
2845,population,0.21115945279598236
2846,cartier,0.1840321123600006
2847,portland,0.11848435550928116
2848,harley,0.18522679805755615
2849,comoros,0.11064940690994263
2850,pavement,0.22584104537963867
2851,pottery,0.20280000567436218
2852,bikini,0.07202941179275513
2853,kart,0.14026778936386108
2854,bricks,0.23176831007003784
2855,castles,0.1738434135913849
2856,invite,0.05972834676504135
2857,cutlery,0.20283710956573486
2858,marilyn,0.1902173012495041
2859,storm,0.19057348370552063
2860,social,0.0889202207326889
2861,generated,0.07052695751190186
2862,somalia,0.11868555098772049
2863,social,0.05163760110735893
2864,yellow,0.3540486693382263
2865,burkina,0.1572904735803604
2866,coldplay,0.17260120809078217
2867,wrought,0.11084100604057312
2868,penguin,0.1760176420211792
2869,sunset,0.17853866517543793
2870,clerks,0.058230675756931305
2871,hardwood,0.20708735287189484
2872,nassau,0.2765125036239624
2873,proposing,0.07340767234563828
2874,judaism,0.1344781517982483
2875,sheets,0.1421167552471161
2876,kyoto,0.20165246725082397
2877,gamefaqs,0.1032433807849884
2878,framed,0.20131927728652954
2879,tomcat,0.1674106866121292
2880,lily,0.20177307724952698
2881,cygwin,0.06896812468767166
2882,acne,0.10579188168048859
2883,cannes,0.09530375897884369
2884,judaism,0.0936514362692833
2885,sydney,0.14523085951805115
2886,retriever,0.1931816041469574
2887,film,0.1524810940027237
2888,audioslave,0.11711810529232025
2889,bild,0.0672014057636261
2890,helicopter,0.2496466487646103
2891,corrosion,0.15865108370780945
2892,spires,0.11143699288368225
2893,bosch,0.073053278028965
2894,flock,0.20313549041748047
2895,beach,0.197999507188797
2896,sauna,0.15553858876228333
2897,skull,0.21609452366828918
2898,dysfunction,0.07368788123130798
2899,thanked,0.18421539664268494
2900,clarence,0.11278042197227478
2901,newborn,0.10522227734327316
2902,shirt,0.19622308015823364
2903,treadmill,0.1766853928565979
2904,restoration,0.16191893815994263
2905,meditation,0.22160068154335022
2906,loft,0.13903674483299255
2907,steam,0.13495981693267822
2908,black,0.2209681123495102
2909,pitbull,0.1902940720319748
2910,beige,0.09295725077390671
2911,iceland,0.1975199580192566
2912,uzbekistan,0.0400792732834816
2913,villages,0.14215724170207977
2914,arterial,0.09021194279193878
2915,coldplay,0.10794288665056229
2916,iu,0.09980127215385437
2917,chesterfield,0.16205334663391113
2918,bei,0.13589903712272644
2919,pillars,0.06633105874061584
2920,magnolia,0.15042030811309814
2921,cake,0.17997482419013977
2922,corinthians,0.1026415079832077
2923,moscow,0.18689966201782227
2924,surveyors,0.16060398519039154
2925,hogtied,0.10495345294475555
2926,snorkeling,0.19985732436180115
2927,ciara,0.17132453620433807
2928,volleyball,0.18483880162239075
2929,subtitle,0.1286730319261551
2930,film,0.11084312945604324
2931,ferries,0.1475125253200531
2932,banner,0.15026059746742249
2933,premiere,0.1830151379108429
2934,branches,0.1566314697265625
2935,gowns,0.1848321557044983
2936,moroccan,0.08955765515565872
2937,dryer,0.19770583510398865
2938,outline,0.1761673390865326
2939,chinatown,0.1852046251296997
2940,vienna,0.1875600516796112
2941,bali,0.2082587629556656
2942,celebrations,0.15845887362957
2943,clic,0.09685103595256805
2944,pilates,0.06697014719247818
2945,golfing,0.17707516252994537
2946,faucets,0.07726893573999405
2947,agricultural,0.14310230314731598
2948,evanescence,0.10464049875736237
2949,exhibition,0.025158090516924858
2950,social,0.09192617237567902
2951,owl,0.14679458737373352
2952,peace,0.16157397627830505
2953,conferences,0.07616670429706573
2954,outline,0.15488745272159576
2955,sioux,0.21557216346263885
2956,badminton,0.07253415882587433
2957,villages,0.1305454969406128
2958,volleyball,0.13251487910747528
2959,aaliyah,0.07946346700191498
2960,trivium,0.08379963785409927
2961,barefoot,0.2116217315196991
2962,thanksgiving,0.18457835912704468
2963,autumn,0.052059564739465714
2964,skirt,0.1656043380498886
2965,rocky,0.14684326946735382
2966,yellowstone,0.10863612592220306
2967,brighton,0.20086847245693207
2968,liam,0.12767638266086578
2969,workspace,0.11075793206691742
2970,scanned,0.0959080159664154
2971,rainforest,0.17142699658870697
2972,skull,0.07633614540100098
2973,cookie,0.19112862646579742
2974,couple,0.13664880394935608
2975,otter,0.04135735332965851
2976,kiribati,0.1016334742307663
2977,dams,0.21503646671772003
2978,makeup,0.1567765176296234
2979,panther,0.1251736730337143
2980,pasture,0.17653249204158783
2981,cereal,0.19940783083438873
2982,tackling,0.12063056230545044
2983,scandinavia,0.16573570668697357
2984,lavender,0.15616001188755035
2985,lace,0.18712244927883148
2986,renting,0.2253008633852005
2987,roundtable,0.20636074244976044
2988,blueprint,0.11873215436935425
2989,demi,0.20031523704528809
2990,mirrors,0.18972483277320862
2991,rammstein,0.14922401309013367
2992,mug,0.17456258833408356
2993,everquest,0.05783821642398834
2994,bulb,0.1608409881591797
2995,mansion,0.12159045040607452
2996,rajasthan,0.19246932864189148
2997,deadlines,0.24000374972820282
2998,facial,0.1926189810037613
2999,lines,0.12925942242145538
3000,autonomous,0.12050462514162064
3001,astros,0.08104349672794342
3002,havana,0.22141827642917633
3003,versace,0.06870462745428085
3004,doughty,0.10823071002960205
3005,vehicles,0.2390514463186264
3006,sued,0.21750183403491974
3007,orchestra,0.09403184056282043
3008,coordinates,0.05730099231004715
3009,badge,0.165114626288414
3010,paris,0.20388886332511902
3011,denmark,0.12783615291118622
3012,numbers,0.12726269662380219
3013,suv,0.13260763883590698
3014,ecard,0.1225527748465538
3015,darussalam,0.20369073748588562
3016,municipality,0.0792866125702858
3017,rafting,0.11588688939809799
3018,grenadines,0.2214222550392151
3019,softcover,0.22990325093269348
3020,istanbul,0.12214119732379913
3021,hertz,0.22640593349933624
3022,resistor,0.09771236777305603
3023,fixture,0.06031646579504013
3024,organ,0.08158145844936371
3025,wheelchair,0.26269710063934326
3026,walk,0.21771714091300964
3027,soccer,0.1190200001001358
3028,gardens,0.191208615899086
3029,statue,0.14090216159820557
3030,pillows,0.19895803928375244
3031,cast,0.13925954699516296
3032,generated,0.07498767971992493
3033,palette,0.12721525132656097
3034,oahu,0.18919219076633453
3035,sign,0.11681871116161346
3036,desktops,0.11528268456459045
3037,social,0.09638284146785736
3038,leopard,0.2086954265832901
3039,linen,0.0757700502872467
3040,diploma,0.21554884314537048
3041,pavilion,0.21809732913970947
3042,involve,0.2031330019235611
3043,billboard,0.11154158413410187
3044,cells,0.15741313993930817
3045,welcoming,0.2210427224636078
3046,chinatown,0.0865749642252922
3047,qc,0.10876761376857758
3048,turkmenistan,0.06966197490692139
3049,wetland,0.10066670924425125
3050,chairs,0.16574342548847198
3051,silhouette,0.1462251842021942
3052,newest,0.1567113846540451
3053,nails,0.21399474143981934
3054,shy,0.17057669162750244
3055,vodafone,0.04508126527070999
3056,social,0.10492334514856339
3057,busch,0.06419362872838974
3058,polaroid,0.09970423579216003
3059,vodafone,0.1880972534418106
3060,photograph,0.09849599003791809
3061,hogtied,0.09667481482028961
3062,carolina,0.18503355979919434
3063,collars,0.22660742700099945
3064,clic,0.05500970035791397
3065,blake,0.1426781415939331
3066,vatican,0.14784322679042816
3067,bother,0.19033583998680115
3068,spherical,0.06385334581136703
3069,collier,0.21322579681873322
3070,godfather,0.16933149099349976
3071,stack,0.12696713209152222
3072,mccartney,0.16534145176410675
3073,lizard,0.21718330681324005
3074,clic,0.14127618074417114
3075,trivium,0.22814765572547913
3076,malta,0.16681219637393951
3077,organ,0.07205873727798462
3078,cheltenham,0.20472939312458038
3079,qc,0.10357566922903061
3080,web,0.20361387729644775
3081,horseback,0.19130195677280426
3082,dozens,0.19460254907608032
3083,blackpool,0.08947309851646423
3084,refugees,0.17209626734256744
3085,cornerstone,0.049584973603487015
3086,kijiji,0.11247231066226959
3087,clic,0.1266694813966751
3088,proposes,0.1857759952545166
3089,cheerleader,0.2677544355392456
3090,honeymoon,0.17566463351249695
3091,gardening,0.11110992729663849
3092,bred,0.13009072840213776
3093,penguins,0.16745910048484802
3094,plant,0.18782255053520203
3095,browning,0.1091192215681076
3096,bears,0.17684245109558105
3097,nero,0.07180929183959961
3098,tango,0.09627342969179153
3099,gowns,0.14640232920646667
3100,wacky,0.12496853619813919
3101,infrared,0.09934470802545547
3102,tahoe,0.1936233788728714
3103,acrylic,0.13817766308784485
3104,capitol,0.13260869681835175
3105,protesters,0.10873977094888687
3106,ecard,0.06031516566872597
3107,rowling,0.08233640342950821
3108,playlists,0.09045641869306564
3109,hopper,0.09226536750793457
3110,cock,0.16989806294441223
3111,shakira,0.20388919115066528
3112,twilight,0.1833106279373169
3113,hogtied,0.10815088450908661
3114,undefined,0.08028807491064072
3115,spires,0.17935128509998322
3116,quilts,0.06604613363742828
3117,berries,0.14104747772216797
3118,bibliography,0.20606613159179688
3119,snooker,0.057485368102788925
3120,fungi,0.20881500840187073
3121,suburban,0.12908115983009338
3122,blossom,0.18153274059295654
3123,lovers,0.1813879907131195
3124,monaco,0.15580028295516968
3125,olsen,0.23891019821166992
3126,telephones,0.20329415798187256
3127,beans,0.12852858006954193
3128,padded,0.06724892556667328
3129,audi,0.16068300604820251
3130,shorts,0.11378448456525803
3131,casualties,0.11000753939151764
3132,ceiling,0.18637722730636597
3133,disney,0.14021465182304382
3134,bournemouth,0.19445733726024628
3135,acne,0.09284087270498276
3136,clerks,0.1660819947719574
3137,turner,0.05011864751577377
3138,silica,0.12691807746887207
3139,slut,0.16659802198410034
3140,amy,0.09770703315734863
3141,fielding,0.13095663487911224
3142,gan,0.20054280757904053
3143,yosemite,0.07427923381328583
3144,lilac,0.20705893635749817
3145,uber,0.19171391427516937
3146,marianne,0.19614776968955994
3147,proposes,0.1652831733226776
3148,dressing,0.18780702352523804
3149,schoolgirl,0.20783209800720215
3150,tehran,0.09513407945632935
3151,beverage,0.2521384060382843
3152,cpus,0.10970768332481384
3153,crete,0.17974744737148285
3154,supernatural,0.04392756521701813
3155,hopper,0.07141195237636566
3156,uni,0.1365547776222229
3157,hands,0.22069162130355835
3158,silhouette,0.1328774094581604
3159,climbing,0.15489208698272705
3160,fees,0.18291287124156952
3161,mixers,0.1706867218017578
3162,punctuation,0.04829483479261398
3163,pillow,0.18559572100639343
3164,uzbekistan,0.10296200960874557
3165,flickr,0.0733460783958435
3166,operators,0.1880500614643097
3167,maze,0.15751813352108002
3168,olsen,0.22625336050987244
3169,barber,0.18937933444976807
3170,mudvayne,0.054449595510959625
3171,spend,0.33250683546066284
3172,enrolled,0.1166742742061615
3173,garage,0.1377367377281189
3174,ralph,0.10636533796787262
3175,michigan,0.11775414645671844
3176,transcribed,0.1322142779827118
3177,scottish,0.17207950353622437
3178,beavers,0.04412965476512909
3179,toddler,0.11580610275268555
3180,jerseys,0.11913271993398666
3181,meredith,0.19287285208702087
3182,fishermen,0.12480740249156952
3183,spongebob,0.10313943028450012
3184,connecticut,0.12433081865310669
3185,togo,0.21674835681915283
3186,muscles,0.132390096783638
3187,bred,0.09311669319868088
3188,moroccan,0.12388035655021667
3189,patches,0.12471644580364227
3190,obituaries,0.07112068682909012
3191,huskies,0.16140933334827423
3192,glitter,0.19550319015979767
3193,hazard,0.1348543018102646
3194,paintball,0.10348944365978241
3195,brunei,0.18936452269554138
3196,edmonton,0.09751422703266144
3197,red,0.17921064794063568
3198,spawn,0.08881424367427826
3199,bronx,0.21260686218738556
3200,mickey,0.051567140966653824
3201,capri,0.10044883191585541
3202,poster,0.13648055493831635
3203,widgets,0.11666525900363922
3204,lisa,0.1589694321155548
3205,sedona,0.15440630912780762
3206,wsop,0.0823272243142128
3207,bild,0.03049330785870552
3208,woody,0.08900536596775055
3209,eggs,0.20912271738052368
3210,ophthalmology,0.07092869281768799
3211,bmx,0.1887093186378479
3212,film,0.12234149873256683
3213,diarrhea,0.14936740696430206
3214,desktop,0.14445358514785767
3215,tubing,0.10101397335529327
3216,twins,0.13482226431369781
3217,bonsai,0.1055469736456871
3218,aloe,0.11623069643974304
3219,husbands,0.1722402572631836
3220,torres,0.11634309589862823
3221,nautical,0.09789213538169861
3222,tarot,0.1255403459072113
3223,coordinates,0.18726244568824768
3224,hogtied,0.09402057528495789
3225,toilet,0.2013627588748932
3226,webcams,0.07594386488199234
3227,gamefaqs,0.07465368509292603
3228,camel,0.18005624413490295
3229,pattern,0.126658096909523
3230,moroccan,0.13681548833847046
3231,london,0.2394677847623825
3232,nhl,0.17817775905132294
3233,peoplesoft,0.08624394983053207
3234,manuscripts,0.07299253344535828
3235,dock,0.19058139622211456
3236,eastern,0.19872123003005981
3237,pyramid,0.19657790660858154
3238,contemporary,0.15148258209228516
3239,boob,0.22247719764709473
3240,michigan,0.0740707740187645
3241,social,0.1527274250984192
3242,gnu,0.050080373883247375
3243,whispered,0.18621426820755005
3244,connecticut,0.07242920249700546
3245,storesshop,0.23903962969779968
3246,laundering,0.07892294228076935
3247,inuyasha,0.15808320045471191
3248,hawks,0.10926179587841034
3249,surveyors,0.09858543425798416
3250,flirt,0.10757040232419968
3251,generated,0.043353527784347534
3252,rear,0.0682162344455719
3253,mclaren,0.13925111293792725
3254,coldplay,0.14369481801986694
3255,hamas,0.07676266133785248
3256,sale,0.17771980166435242
3257,snowboarding,0.20025400817394257
3258,stairs,0.10921341925859451
3259,tribal,0.1910642683506012
3260,carte,0.09868228435516357
3261,yang,0.07914569973945618
3262,egg,0.20625105500221252
3263,printer,0.18760067224502563
3264,ecard,0.06042642146348953
3265,ballet,0.2002047896385193
3266,welding,0.11353451013565063
3267,rhino,0.11842610687017441
3268,endeavour,0.0916779637336731
3269,cleaned,0.09051501750946045
3270,supernatural,0.07833386212587357
3271,eminem,0.1691286563873291
3272,blur,0.08395429700613022
3273,racks,0.12874794006347656
3274,dress,0.16185012459754944
3275,audubon,0.10420674830675125
3276,bank,0.18103867769241333
3277,indemnity,0.10845118016004562
3278,tuscany,0.18496432900428772
3279,grease,0.06246116757392883
3280,asses,0.10211700201034546
3281,leipzig,0.19844236969947815
3282,after,0.11173973977565765
3283,broccoli,0.14075466990470886
3284,drosophila,0.20147164165973663
3285,spoon,0.18917548656463623
3286,mona,0.07882925122976303
3287,martial,0.1980341523885727
3288,limousine,0.029111919924616814
3289,burton,0.22165250778198242
3290,undefined,0.1356484740972519
3291,figs,0.18914847075939178
3292,mann,0.22607490420341492
3293,belgrade,0.1355457901954651
3294,seychelles,0.058326929807662964
3295,faroe,0.19224457442760468
3296,vanuatu,0.15233632922172546
3297,worldcat,0.18380595743656158
3298,kendall,0.139756977558136
3299,wetland,0.06508895754814148
3300,birthdays,0.1486160308122635
3301,dialysis,0.1360822468996048
3302,necklaces,0.09133051335811615
3303,prada,0.14932595193386078
3304,backstage,0.05817008763551712
3305,gazette,0.06844313442707062
3306,portfolio,0.09837231040000916
3307,rounding,0.14676791429519653
3308,dispersion,0.07571925222873688
3309,batman,0.21706320345401764
3310,godsmack,0.12059830874204636
3311,award,0.10899145901203156
3312,guru,0.07998105883598328
3313,clic,0.11414936929941177
3314,pilates,0.09803267568349838
3315,mirror,0.12435339391231537
3316,muscular,0.18129393458366394
3317,leonardo,0.11845698952674866
3318,smiling,0.2916668653488159
3319,favourites,0.09128637611865997
3320,yearly,0.18579533696174622
3321,halloween,0.21028779447078705
3322,loft,0.09982737898826599
3323,symmetry,0.20051738619804382
3324,dusk,0.08330481499433517
3325,discussing,0.1279890090227127
3326,emoticons,0.24964356422424316
3327,grapes,0.1794864386320114
3328,pasture,0.13126671314239502
3329,figs,0.1881653070449829
3330,climbing,0.1266210973262787
3331,paintball,0.07387900352478027
3332,owl,0.20979951322078705
3333,patch,0.1146593987941742
3334,blazer,0.0999336838722229
3335,towel,0.16913801431655884
3336,glitter,0.20224063098430634
3337,supernatural,0.08658162504434586
3338,paintball,0.06780410557985306
3339,attic,0.17858768999576569
3340,buffy,0.14176730811595917
3341,fireplace,0.06586414575576782
3342,travelodge,0.06373321264982224
3343,morrison,0.2128155380487442
3344,ecards,0.0847136527299881
3345,clones,0.13166651129722595
3346,abs,0.13304561376571655
3347,itunes,0.10731281340122223
3348,dogs,0.1711585521697998
3349,paintball,0.1587451547384262
3350,coldplay,0.10084370523691177
3351,breakfasts,0.18489006161689758
3352,purple,0.22259393334388733
3353,decals,0.13121698796749115
3354,nurses,0.23134315013885498
3355,lister,0.16906964778900146
3356,female,0.1540880799293518
3357,detail,0.0951874852180481
3358,bridal,0.19739779829978943
3359,trish,0.10316271334886551
3360,eyewear,0.17623001337051392
3361,grey,0.09810392558574677
3362,maine,0.1424199938774109
3363,surveyor,0.09199511259794235
3364,dominant,0.06994383037090302
3365,clips,0.06839728355407715
3366,bathroom,0.27888423204421997
3367,hopper,0.08520530164241791
3368,crown,0.21511802077293396
3369,embryo,0.16107864677906036
3370,garages,0.11374032497406006
3371,nunavut,0.08170256018638611
3372,transforming,0.17321358621120453
3373,mudvayne,0.12215977907180786
3374,bmx,0.0991315096616745
3375,darker,0.16711556911468506
3376,badges,0.20064252614974976
3377,gorillaz,0.12197497487068176
3378,aaa,0.08642160147428513
3379,incense,0.11406239867210388
3380,hemp,0.15665273368358612
3381,conftest,0.15985961258411407
3382,beaded,0.18091097474098206
3383,defend,0.044749047607183456
3384,goblet,0.10823041945695877
3385,fri,0.16020765900611877
3386,wsop,0.07497887313365936
3387,kissing,0.21349889039993286
3388,garrison,0.08754957467317581
3389,highlights,0.17515644431114197
3390,social,0.1295873075723648
3391,birthdays,0.11378109455108643
3392,compactflash,0.031539544463157654
3393,brunette,0.10713839530944824
3394,hay,0.07422914355993271
3395,pencil,0.19779974222183228
3396,advisor,0.09807069599628448
3397,ares,0.11558365821838379
3398,ati,0.21462157368659973
3399,tackles,0.09259986877441406
3400,gases,0.0528976209461689
3401,shutter,0.23932579159736633
3402,suited,0.13527809083461761
3403,ashton,0.10895314812660217
3404,cambodia,0.05924598127603531
3405,types,0.20443134009838104
3406,underoath,0.17295220494270325
3407,slater,0.17277777194976807
3408,buys,0.06284507364034653
3409,fountain,0.0990162044763565
3410,commuter,0.16628846526145935
3411,leather,0.07065244019031525
3412,eritrea,0.07821953296661377
3413,nipple,0.08226433396339417
3414,medals,0.21639758348464966
3415,erickson,0.12696930766105652
3416,worms,0.1840968132019043
3417,coaches,0.15962715446949005
3418,diecast,0.19643649458885193
3419,potato,0.1736333668231964
3420,soccer,0.13423876464366913
3421,cairns,0.15487751364707947
3422,conversation,0.1714581996202469
3423,restoration,0.03257909417152405
3424,sailing,0.1314854919910431
3425,wallet,0.2170361578464508
3426,bus,0.24051879346370697
3427,preacher,0.2451169788837433
3428,nielsen,0.09065726399421692
3429,chanel,0.08165101706981659
3430,alteration,0.19048720598220825
3431,schoolgirl,0.06142555922269821
3432,salad,0.2129243016242981
3433,maid,0.10765024274587631
3434,fish,0.22384440898895264
3435,propane,0.13491150736808777
3436,lisbon,0.17147687077522278
3437,rugby,0.13700328767299652
3438,tokelau,0.05614306777715683
3439,teal,0.18175415694713593
3440,kyoto,0.15815469622612
3441,asylum,0.17064788937568665
3442,feeds,0.15141962468624115
3443,mccartney,0.08370475471019745
3444,bikini,0.20281951129436493
3445,quilts,0.16170065104961395
3446,backgammon,0.1339447796344757
3447,audioslave,0.08733723312616348
3448,ornament,0.11902129650115967
3449,detention,0.0867609977722168
3450,backpack,0.08488544821739197
3451,celine,0.20323817431926727
3452,watts,0.17684204876422882
3453,opal,0.09522466361522675
3454,scripture,0.1392909437417984
3455,naples,0.06507376581430435
3456,bouquet,0.10370959341526031
3457,crane,0.13709105551242828
3458,chef,0.14523516595363617
3459,laundering,0.043712206184864044
3460,tummy,0.1943695843219757
3461,billboard,0.07666044682264328
3462,chandler,0.18005073070526123
3463,invented,0.1202385202050209
3464,legislative,0.1774013489484787
3465,horseback,0.2462923228740692
3466,lineup,0.10843554139137268
3467,oxfordshire,0.14525838196277618
3468,village,0.13938608765602112
3469,studs,0.13377800583839417
3470,pulmonary,0.15394535660743713
3471,missionary,0.18020367622375488
3472,stool,0.16733616590499878
3473,advent,0.10836257040500641
3474,desk,0.17143478989601135
3475,overhaul,0.07301163673400879
3476,mosaic,0.1740354597568512
3477,tibet,0.06765445321798325
3478,enrolled,0.04643179476261139
3479,malaysian,0.1399713158607483
3480,bowl,0.18268710374832153
3481,upskirt,0.13122998178005219
3482,tones,0.19460603594779968
3483,curtain,0.08353863656520844
3484,la,0.19221606850624084
3485,jacket,0.2752480208873749
3486,stayed,0.20928362011909485
3487,crocodile,0.22527717053890228
3488,chanel,0.07710777223110199
3489,ann,0.06233619153499603
3490,payday,0.13750919699668884
3491,jfk,0.07623890042304993
3492,tackle,0.11698906123638153
3493,corsair,0.1426585167646408
3494,inlet,0.2384251058101654
3495,harness,0.15069827437400818
3496,monkeys,0.2655605375766754
3497,advertisement,0.1246597021818161
3498,map,0.07995439320802689
3499,studies,0.0928056538105011
3500,vodafone,0.1015433669090271
3501,fence,0.16635936498641968
3502,roses,0.09099841862916946
3503,states,0.09204374253749847
3504,bride,0.1776135116815567
3505,kissing,0.16933439671993256
3506,malta,0.19900712370872498
3507,turkmenistan,0.07937116920948029
3508,deer,0.20097360014915466
3509,knit,0.1623007357120514
3510,sulfate,0.17552794516086578
3511,upskirt,0.14890728890895844
3512,gowns,0.10118082165718079
3513,sandisk,0.12581954896450043
3514,zurich,0.13914281129837036
3515,portraits,0.12314233928918839
3516,sf,0.10738467425107956
3517,closures,0.06327462196350098
3518,generated,0.07979805022478104
3519,aboriginal,0.09896813333034515
3520,turned,0.22643879055976868
3521,bldg,0.13179892301559448
3522,slr,0.11215827614068985
3523,joomla,0.07394222170114517
3524,arrests,0.08874274790287018
3525,greenwich,0.10502725839614868
3526,gym,0.14176777005195618
3527,author,0.18933331966400146
3528,distressed,0.09043008834123611
3529,balancing,0.14827629923820496
3530,bordeaux,0.10748470574617386
3531,cologne,0.09673408418893814
3532,owl,0.2556993365287781
3533,monopoly,0.0592651441693306
3534,widgets,0.10221308469772339
3535,malaysian,0.12257357686758041
3536,abbey,0.20232746005058289
3537,acapulco,0.06745877861976624
3538,aaliyah,0.1332765519618988
3539,social,0.09518563002347946
3540,nightclub,0.17977404594421387
3541,abstract,0.09663521498441696
3542,vegetables,0.23662930727005005
3543,russia,0.1683766096830368
3544,webcams,0.09926211833953857
3545,swimming,0.19665376842021942
3546,lama,0.20859083533287048
3547,airport,0.09466874599456787
3548,zurich,0.11602754890918732
3549,weezer,0.06719902902841568
3550,photography,0.14640747010707855
3551,supervisors,0.07364706695079803
3552,yearly,0.07819022983312607
3553,milfs,0.11979100853204727
3554,bears,0.21256974339485168
3555,maldives,0.1074780523777008
3556,lan,0.20522001385688782
3557,glasses,0.21340522170066833
3558,subset,0.20568537712097168
3559,dressing,0.11445460468530655
3560,amsterdam,0.1479770839214325
3561,collar,0.07403822243213654
3562,lego,0.10004942119121552
3563,trivium,0.09516995400190353
3564,grandmother,0.167179673910141
3565,sub,0.14856159687042236
3566,hay,0.12282704561948776
3567,salzburg,0.12254562973976135
3568,drinking,0.15837745368480682
3569,kitchen,0.1898726522922516
3570,ceiling,0.07533036917448044
3571,heathrow,0.1351916640996933
3572,barrels,0.19192835688591003
3573,utilities,0.0993596762418747
3574,thong,0.10826730728149414
3575,apple,0.1563636064529419
3576,comoros,0.0807090774178505
3577,cx,0.0654180645942688
3578,nightlife,0.1477499008178711
3579,strawberry,0.23200424015522003
3580,corinthians,0.11991598457098007
3581,unanimous,0.12765413522720337
3582,williamsburg,0.17430785298347473
3583,shrink,0.2251569777727127
3584,floral,0.1221236139535904
3585,slug,0.14563870429992676
3586,defendants,0.10387682914733887
3587,humanitarian,0.13146761059761047
3588,buddhist,0.2021372765302658
3589,falcon,0.18171997368335724
3590,fog,0.2310573160648346
3591,monkey,0.15661078691482544
3592,trout,0.15575343370437622
3593,lakeside,0.19870594143867493
3594,swings,0.07523946464061737
3595,film,0.09091862291097641
3596,ecard,0.11123935133218765
3597,mickey,0.14815345406532288
3598,bryce,0.1900070160627365
3599,belize,0.11760172247886658
3600,egypt,0.20398327708244324
3601,kauai,0.1877693384885788
3602,plan,0.13184641301631927
3603,female,0.20653671026229858
3604,beetle,0.14180035889148712
3605,yves,0.10864424705505371
3606,prairie,0.1355944275856018
3607,social,0.15216118097305298
3608,judaism,0.10363450646400452
3609,premiere,0.1739596277475357
3610,qc,0.10239669680595398
3611,storms,0.18274512887001038
3612,shui,0.22278675436973572
3613,flea,0.1652412712574005
3614,massachusetts,0.08923418819904327
3615,sun,0.2663498520851135
3616,treatments,0.1864054799079895
3617,connecticut,0.12307396531105042
3618,mccartney,0.14042603969573975
3619,craigslist,0.05596932768821716
3620,messaging,0.21109998226165771
3621,acne,0.14945153892040253
3622,chiropractic,0.1779659390449524
3623,london,0.18598820269107819
3624,bmx,0.1866600215435028
3625,hogtied,0.0801863893866539
3626,catherine,0.17622420191764832
3627,neoplasms,0.1785290688276291
3628,presenter,0.14399883151054382
3629,mountains,0.07487986981868744
3630,mib,0.10114101320505142
3631,font,0.11629285663366318
3632,flores,0.20410937070846558
3633,fairies,0.08690214157104492
3634,muslim,0.17656965553760529
3635,embroidery,0.07646872103214264
3636,generated,0.0745307132601738
3637,floral,0.1970117688179016
3638,premiere,0.19992125034332275
3639,dutch,0.22154967486858368
3640,mating,0.08676978200674057
3641,shrimp,0.14313407242298126
3642,tanning,0.14918559789657593
3643,plants,0.17787978053092957
3644,anthrax,0.17808040976524353
3645,generated,0.1269124448299408
3646,medals,0.19029004871845245
3647,relationships,0.14599370956420898
3648,ministerial,0.10549291968345642
3649,invite,0.047347016632556915
3650,kijiji,0.09672396630048752
3651,manila,0.17161977291107178
3652,chandelier,0.17751215398311615
3653,bosch,0.05832114815711975
3654,generated,0.16799849271774292
3655,tights,0.15563279390335083
3656,grenadines,0.0765829011797905
3657,blanc,0.11751221865415573
3658,jigsaw,0.2388385832309723
3659,jojo,0.12924042344093323
3660,habit,0.12942096590995789
3661,spires,0.0661405697464943
3662,silica,0.10383211076259613
3663,lettering,0.14135175943374634
3664,psc,0.18001577258110046
3665,charcoal,0.137803316116333
3666,gowns,0.19164463877677917
3667,denim,0.2016531527042389
3668,thumbnails,0.13871382176876068
3669,yogurt,0.13621512055397034
3670,bracelet,0.2124992460012436
3671,pineapple,0.1638849377632141
3672,lake,0.2210528701543808
3673,symmetry,0.2335628718137741
3674,dora,0.11591939628124237
3675,blazer,0.13589036464691162
3676,citrus,0.10316433012485504
3677,charges,0.10752785950899124
3678,browning,0.14873763918876648
3679,calf,0.11779958009719849
3680,bookmarks,0.09818736463785172
3681,headquarters,0.11441268026828766
3682,vests,0.10278628766536713
3683,beach,0.1855458766222
3684,craigslist,0.05818486958742142
3685,stirring,0.14470967650413513
3686,odessa,0.07393413037061691
3687,norwegian,0.14418233931064606
3688,austrian,0.2160985767841339
3689,advises,0.11468113213777542
3690,palestinian,0.1814989298582077
3691,sedona,0.09956306219100952
3692,moroccan,0.0730968564748764
3693,jewish,0.1862391233444214
3694,sherman,0.1909637749195099
3695,moody,0.023863624781370163
3696,black,0.22966526448726654
3697,wheat,0.10016576945781708
3698,coldplay,0.05535930022597313
3699,alps,0.21231873333454132
3700,husky,0.09690679609775543
3701,seville,0.14381010830402374
3702,bioinformatics,0.16451779007911682
3703,kijiji,0.07346510142087936
3704,zurich,0.17017582058906555
3705,cpu,0.08393829315900803
3706,spawn,0.1125842034816742
3707,bakery,0.17997029423713684
3708,bei,0.262604683637619
3709,surfers,0.05640321969985962
3710,dui,0.030213510617613792
3711,advertisement,0.10013078153133392
3712,municipalities,0.07076501101255417
3713,hay,0.1011100560426712
3714,thames,0.10515172779560089
3715,browning,0.13551828265190125
3716,proposes,0.07467229664325714
3717,terrier,0.18059076368808746
3718,mikes,0.20852719247341156
3719,stairs,0.3479066491127014
3720,schoolgirl,0.21324560046195984
3721,lawson,0.12807567417621613
3722,teal,0.15930038690567017
3723,justin,0.20009250938892365
3724,coastline,0.0986623615026474
3725,article,0.04382285475730896
3726,paige,0.25196605920791626
3727,vodafone,0.0756441205739975
3728,bei,0.1643226593732834
3729,bedding,0.2231426239013672
3730,bbq,0.19001422822475433
3731,progress,0.09870242327451706
3732,indonesia,0.06973007321357727
3733,flock,0.19569846987724304
3734,loft,0.1186542734503746
3735,tiava,0.1972937285900116
3736,pronounced,0.13969479501247406
3737,trousers,0.22237025201320648
3738,incense,0.13830111920833588
3739,golfing,0.19393593072891235
3740,irrigation,0.15842843055725098
3741,hanoi,0.09620979428291321
3742,huskies,0.06377435475587845
3743,discarded,0.17308446764945984
3744,dinnerware,0.19307585060596466
3745,griffith,0.07321983575820923
3746,magnets,0.09662918746471405
3747,barn,0.2292499840259552
3748,beanie,0.06754393875598907
3749,medal,0.17378178238868713
3750,hopper,0.11249738931655884
3751,ceiling,0.1907368004322052
3752,generated,0.09473200142383575
3753,refrigerator,0.08534564822912216
3754,snorkeling,0.09464190900325775
3755,trish,0.09011448919773102
3756,overhaul,0.09710139036178589
3757,water,0.14803852140903473
3758,corridor,0.16335350275039673
3759,leigh,0.0743480995297432
3760,pendant,0.12414465844631195
3761,airsoft,0.18227224051952362
3762,retrieving,0.14345711469650269
3763,ears,0.1904771327972412
3764,queries,0.06351202726364136
3765,renee,0.08031152933835983
3766,gladly,0.09149375557899475
3767,minimal,0.0901547521352768
3768,lamps,0.26318907737731934
3769,landing,0.13537007570266724
3770,rem,0.11225099861621857
3771,blanc,0.09931155294179916
3772,gland,0.12931492924690247
3773,flea,0.2295011579990387
3774,generated,0.06109991297125816
3775,kitchens,0.1984662115573883
3776,bedroom,0.20581375062465668
3777,bolivia,0.1384812444448471
3778,golfers,0.18315143883228302
3779,moroccan,0.09939554333686829
3780,municipalities,0.10727158188819885
3781,sculpture,0.1352333426475525
3782,pixar,0.09569576382637024
3783,scanned,0.07875990867614746
3784,hogtied,0.1411415934562683
3785,sting,0.12970957159996033
3786,tackling,0.16809004545211792
3787,liechtenstein,0.1684747338294983
3788,crab,0.2252689152956009
3789,arabidopsis,0.05877435952425003
3790,auditorium,0.1647724211215973
3791,horseback,0.21422095596790314
3792,charlton,0.17646262049674988
3793,tablet,0.18176789581775665
3794,charges,0.09956340491771698
3795,aaliyah,0.07331399619579315
3796,lime,0.20524804294109344
3797,warcraft,0.0982867181301117
3798,carmel,0.17060767114162445
3799,woodworking,0.21756094694137573
3800,dancers,0.21752892434597015
3801,inn,0.19299764931201935
3802,galway,0.19270703196525574
3803,kiribati,0.21878977119922638
3804,hopper,0.08375811576843262
3805,diagrams,0.2114177942276001
3806,sonata,0.10595877468585968
3807,bud,0.1506505012512207
3808,premiere,0.15318478643894196
3809,engine,0.18785415589809418
3810,beige,0.2667809724807739
3811,latex,0.052301906049251556
3812,bride,0.2158985435962677
3813,dental,0.23323367536067963
3814,baccarat,0.059031903743743896
3815,compartment,0.24044375121593475
3816,swan,0.2172701507806778
3817,innings,0.18130579590797424
3818,keyboard,0.21181151270866394
3819,environmentally,0.21902883052825928
3820,hopper,0.04825277253985405
3821,osaka,0.08319023996591568
3822,inks,0.1273569017648697
3823,dolphins,0.18754348158836365
3824,prohibits,0.1869126856327057
3825,rumsfeld,0.1760159432888031
3826,pantyhose,0.08113144338130951
3827,aquaculture,0.06457339227199554
3828,jams,0.10883110761642456
3829,pottery,0.1254653036594391
3830,cafeteria,0.15440663695335388
3831,corridor,0.1231764554977417
3832,flea,0.1410970538854599
3833,cookies,0.1993485987186432
3834,crowds,0.09307476878166199
3835,tapestry,0.08840203285217285
3836,africa,0.21885007619857788
3837,raspberry,0.24325351417064667
3838,helmet,0.12782640755176544
3839,infrared,0.14154762029647827
3840,senior,0.1329112946987152
3841,upskirt,0.06910724937915802
3842,swings,0.19348721206188202
3843,valentino,0.05494145303964615
3844,widescreen,0.04911729320883751
3845,shannon,0.16391296684741974
3846,entrance,0.12840522825717926
3847,rainforest,0.12281470000743866
3848,uzbekistan,0.048314712941646576
3849,extensions,0.18331123888492584
3850,painters,0.21867144107818604
3851,colorful,0.06782252341508865
3852,verification,0.07361236959695816
3853,playlists,0.1729850023984909
3854,cheese,0.21187466382980347
3855,terrier,0.19886164367198944
3856,rapids,0.20457585155963898
3857,panels,0.11542093753814697
3858,lisa,0.09915214776992798
3859,glitter,0.21929731965065002
3860,synthase,0.0803709477186203
3861,hogtied,0.08541795611381531
3862,embryo,0.13319240510463715
3863,driving,0.16381946206092834
3864,replica,0.09464593231678009
3865,dress,0.0809161365032196
3866,nunavut,0.1715753823518753
3867,alienware,0.09379769116640091
3868,ciara,0.16110406816005707
3869,cambodia,0.11813777685165405
3870,web,0.13474798202514648
3871,pepsi,0.18596838414669037
3872,oscar,0.1274668574333191
3873,caution,0.16131474077701569
3874,bild,0.05185642093420029
3875,cornwall,0.11195244640111923
3876,desserts,0.053341299295425415
3877,vans,0.08190684020519257
3878,gifs,0.07082163542509079
3879,karate,0.1536223441362381
3880,habit,0.184832364320755
3881,pcb,0.17038409411907196
3882,jeep,0.21228541433811188
3883,inks,0.19537536799907684
3884,sidewalk,0.19455969333648682
3885,claim,0.18872669339179993
3886,grease,0.09567268192768097
3887,cottages,0.20156115293502808
3888,united,0.11400637775659561
3889,shelves,0.15547707676887512
3890,hopper,0.07622482627630234
3891,egg,0.15121930837631226
3892,apartment,0.1278822273015976
3893,missouri,0.12104037404060364
3894,coldplay,0.04605204612016678
3895,iu,0.20012374222278595
3896,thermometer,0.1557958871126175
3897,stack,0.13122010231018066
3898,labrador,0.1869291365146637
3899,social,-0.0006888275966048241
3900,flea,0.08614261448383331
3901,earrings,0.23618851602077484
3902,coke,0.20621994137763977
3903,topaz,0.1585937738418579
3904,demi,0.14220935106277466
3905,kashmir,0.1780024915933609
3906,wood,0.2354021519422531
3907,reformed,0.12392373383045197
3908,backpacking,0.18140727281570435
3909,blossom,0.14754405617713928
3910,chargers,0.1421738564968109
3911,pilates,0.20455127954483032
3912,swimsuit,0.20486435294151306
3913,sauna,0.1397203505039215
3914,scanned,0.06678470224142075
3915,stadium,0.1291428953409195
3916,generated,0.11695410311222076
3917,dana,0.05872809886932373
3918,coyote,0.09405188262462616
3919,bild,0.04779934138059616
3920,watches,0.19824343919754028
3921,vuitton,0.07336613535881042
3922,archery,0.10287598520517349
3923,bw,0.22547820210456848
3924,cz,0.06272396445274353
3925,shopping,0.19274629652500153
3926,cage,0.20233315229415894
3927,panels,0.20881377160549164
3928,access,0.19779135286808014
3929,pier,0.16493217647075653
3930,punctuation,0.100474052131176
3931,redhead,0.15541251003742218
3932,climb,0.16941581666469574
3933,jacksonville,0.09483004361391068
3934,doors,0.13834509253501892
3935,graffiti,0.16724881529808044
3936,lightly,0.24952355027198792
3937,defend,0.07465437054634094
3938,blackboard,0.18265417218208313
3939,gazette,0.07033547759056091
3940,zelda,0.0849359929561615
3941,kiribati,0.12605606019496918
3942,harley,0.1283806413412094
3943,moroccan,0.07730582356452942
3944,orange,0.32177916169166565
3945,bj,0.20381715893745422
3946,annapolis,0.13640828430652618
3947,alley,0.12646612524986267
3948,minimal,0.11783257126808167
3949,supermarket,0.17233285307884216
3950,zeta,0.04941750317811966
3951,fiberglass,0.09472362697124481
3952,states,0.14580079913139343
3953,myanmar,0.08388161659240723
3954,jumps,0.19722433388233185
3955,orion,0.19069357216358185
3956,widgets,0.08826929330825806
3957,ship,0.13747604191303253
3958,bikini,0.11428335309028625
3959,airsoft,0.10263492166996002
3960,inuyasha,0.18344302475452423
3961,sightseeing,0.13772806525230408
3962,cumshot,0.11539826542139053
3963,yellowstone,0.08807069063186646
3964,fargo,0.0750207006931305
3965,poem,0.11467402428388596
3966,wigan,0.10360445082187653
3967,architectural,0.19733522832393646
3968,homeowner,0.07392428815364838
3969,beige,0.20177550613880157
3970,blazer,0.12261435389518738
3971,carp,0.17823146283626556
3972,inherent,0.1196460872888565
3973,sti,0.1558457911014557
3974,preferably,0.17720118165016174
3975,fedex,0.2593678832054138
3976,puppets,0.14286939799785614
3977,pianist,0.24065038561820984
3978,fixtures,0.05882549285888672
3979,graphite,0.2289726436138153
3980,kelley,0.13378100097179413
3981,chopper,0.10020274668931961
3982,swings,0.10099282115697861
3983,bride,0.15601927042007446
3984,chanel,0.10159743577241898
3985,salads,0.2104502171278
3986,snorkeling,0.15968835353851318
3987,donkey,0.16710025072097778
3988,paige,0.15179286897182465
3989,bedrooms,0.19952447712421417
3990,disney,0.15983985364437103
3991,poppy,0.1659068912267685
3992,wings,0.2380124181509018
3993,bread,0.19081665575504303
3994,inst,0.11138419806957245
3995,webcams,0.10899882018566132
3996,architects,0.08128518611192703
3997,mailbox,0.20412012934684753
3998,plants,0.2298295944929123
3999,pittsburgh,0.19751986861228943
4000,loft,0.10935308039188385
4001,donald,0.13990849256515503
4002,paste,0.18139301240444183
4003,salzburg,0.10380890965461731
4004,renders,0.13046737015247345
4005,rooted,0.1647776961326599
4006,polymerase,0.14138327538967133
4007,shepherd,0.17143212258815765
4008,husbands,0.15897342562675476
4009,worldsex,0.1930522918701172
4010,enlisted,0.1137256920337677
4011,almanac,0.21561577916145325
4012,cheque,0.1525982767343521
4013,amethyst,0.13929301500320435
4014,ingram,0.19756631553173065
4015,hyperlink,0.1866629272699356
4016,dresses,0.1516168862581253
4017,blazer,0.17359796166419983
4018,panel,0.12154024839401245
4019,yosemite,0.1293615996837616
4020,fog,0.18020494282245636
4021,clown,0.16746437549591064
4022,turner,0.07786661386489868
4023,desktop,0.08847963809967041
4024,visor,0.093660868704319
4025,undefined,0.09972567856311798
4026,sunset,0.11594139039516449
4027,generated,0.09216248244047165
4028,trousers,0.18831343948841095
4029,lightning,0.19412942230701447
4030,tuscany,0.06968347728252411
4031,alcoholic,0.20806783437728882
4032,formal,0.11159063875675201
4033,tyler,0.12722311913967133
4034,saxophone,0.25799310207366943
4035,misty,0.094441257417202
4036,faroe,0.04717356711626053
4037,uni,0.07097378373146057
4038,fargo,0.09818120300769806
4039,organisms,0.2215946465730667
4040,horsepower,0.16342425346374512
4041,soccer,0.183426171541214
4042,foil,0.0734354704618454
4043,protesters,0.14827129244804382
4044,timberland,0.21522460877895355
4045,shenzhen,0.16613252460956573
4046,train,0.2163940668106079
4047,ceiling,0.09004950523376465
4048,fellowship,0.11485476791858673
4049,maldives,0.18466486036777496
4050,beetle,0.1141243427991867
4051,rowling,0.1544644832611084
4052,policing,0.14687006175518036
4053,pope,0.15116040408611298
4054,horseback,0.20563586056232452
4055,stockholm,0.13326740264892578
4056,webcams,0.18267379701137543
4057,theft,0.08109179884195328
4058,balloons,0.1279703676700592
4059,slovakia,0.05075646936893463
4060,neighbours,0.15936900675296783
4061,grease,0.14658097922801971
4062,sofa,0.29130685329437256
4063,hopper,0.04983518272638321
4064,nunavut,0.11057184636592865
4065,managerial,0.14518816769123077
4066,maltese,0.13494890928268433
4067,generated,0.08454497158527374
4068,disco,0.18145689368247986
4069,gameboy,0.17406874895095825
4070,cloud,0.2305092215538025
4071,bondage,0.06780295073986053
4072,blackpool,0.10056658089160919
4073,barrel,0.1966344118118286
4074,comoros,0.1980588436126709
4075,halloween,0.19431068003177643
4076,outfitters,0.16824093461036682
4077,obesity,0.1457667350769043
4078,sections,0.20197582244873047
4079,riding,0.12372062355279922
4080,canadians,0.15753868222236633
4081,bild,0.06323252618312836
4082,lime,0.19614443182945251
4083,rem,0.10528364777565002
4084,supernatural,0.08122137188911438
4085,permitted,0.07752501964569092
4086,generated,0.09550429880619049
4087,caicos,0.19569295644760132
4088,carriage,0.05282770097255707
4089,renewable,0.143376886844635
4090,benedict,0.14448004961013794
4091,offered,0.09108219295740128
4092,barefoot,0.22662858664989471
4093,rihanna,0.07823850214481354
4094,tummy,0.06530517339706421
4095,presumably,0.14834868907928467
4096,generations,0.17303334176540375
4097,macros,0.16243180632591248
4098,depression,0.09371739625930786
4099,agreeing,0.20282217860221863
4100,cardboard,0.17718133330345154
4101,nikki,0.11201059818267822
4102,month,0.21206079423427582
4103,infrared,0.08531849086284637
4104,tobago,0.10293209552764893
4105,vaio,0.07555294036865234
4106,shenzhen,0.06540004163980484
4107,disneyland,0.1987197995185852
4108,shelving,0.12585954368114471
4109,edison,0.12918028235435486
4110,charcoal,0.10132960230112076
4111,cern,0.144832044839859
4112,corridor,0.11545726656913757
4113,handmade,0.075164295732975
4114,veil,0.05680633336305618
4115,charges,0.089891716837883
4116,accelerator,0.08497603982686996
4117,sugababes,0.14934591948986053
4118,vendor,0.19930259883403778
4119,tasmania,0.12818270921707153
4120,swingers,0.11265397071838379
4121,harbor,0.15852995216846466
4122,guests,0.13995738327503204
4123,shells,0.16802750527858734
4124,rockies,0.15806618332862854
4125,distressed,0.1267000287771225
4126,barn,0.15103743970394135
4127,cz,0.07676927000284195
4128,vertical,0.12749606370925903
4129,kisses,0.11975691467523575
4130,finland,0.1876927614212036
4131,infrared,0.1308048814535141
4132,tapestry,0.08527719974517822
4133,pavilion,0.16280856728553772
4134,premiere,0.07425834238529205
4135,map,0.11352888494729996
4136,microscopy,0.07407835125923157
4137,cannes,0.0607774555683136
4138,bats,0.20441022515296936
4139,yoga,0.2043701559305191
4140,faroe,0.17709945142269135
4141,stalls,0.13205191493034363
4142,judaism,0.07428529858589172
4143,ul,0.2172124683856964
4144,comparison,0.1455288827419281
4145,businessman,0.20410612225532532
4146,symmetric,0.12034781277179718
4147,tattoos,0.20007042586803436
4148,ore,0.07476571202278137
4149,tempe,0.09008157253265381
4150,bargains,0.17323733866214752
4151,chef,0.20067258179187775
4152,folklore,0.09658318758010864
4153,permitted,0.01541133038699627
4154,sunset,0.17143569886684418
4155,fatty,0.1193455383181572
4156,casserole,0.12742027640342712
4157,table,0.15115392208099365
4158,vids,0.1484200358390808
4159,hatchback,0.15611058473587036
4160,exhibition,0.10223360359668732
4161,fireplace,0.07792162150144577
4162,arteries,0.17971032857894897
4163,oceans,0.11689344048500061
4164,generated,0.1659008413553238
4165,joomla,0.19006241858005524
4166,mandy,0.06162920594215393
4167,corrosion,0.20069007575511932
4168,lisbon,0.12100653350353241
4169,overlay,0.06690534204244614
4170,towel,0.19017210602760315
4171,throne,0.11490171402692795
4172,pensacola,0.030541053041815758
4173,darwin,0.18498702347278595
4174,bulldogs,0.2063039243221283
4175,courthouse,0.14289668202400208
4176,header,0.08279801160097122
4177,vikings,0.1813780516386032
4178,deaths,0.1583741009235382
4179,bullock,0.20842939615249634
4180,quilting,0.07241415232419968
4181,steps,0.09817086160182953
4182,generated,0.10109767317771912
4183,fingerprint,0.2051069438457489
4184,verification,0.09064694494009018
4185,vegan,0.1893223077058792
4186,travelodge,0.09838110953569412
4187,woodstock,0.06695659458637238
4188,baking,0.0920448899269104
4189,turtle,0.17416824400424957
4190,psi,0.20090553164482117
4191,branches,0.11083106696605682
4192,eleven,0.16281330585479736
4193,scoreboard,0.09901006519794464
4194,red,0.28234103322029114
4195,swings,0.04720895737409592
4196,beanie,0.06982265412807465
4197,helicopters,0.19915592670440674
4198,shakira,0.06658166646957397
4199,aging,0.13897272944450378
4200,rabbit,0.21050573885440826
4201,leopard,0.170493945479393
4202,employment,0.17742983996868134
4203,chalet,0.16524294018745422
4204,homer,0.11109660565853119
4205,bookmarks,0.10203641653060913
4206,westlife,0.09990831464529037
4207,reptiles,0.24365149438381195
4208,stretching,0.07759970426559448
4209,floral,0.15677699446678162
4210,travelodge,0.12627875804901123
4211,tomb,0.09494495391845703
4212,supernatural,0.04055611789226532
4213,macros,0.12389364838600159
4214,folds,0.11416101455688477
4215,reuters,0.09790869057178497
4216,webcams,0.06391625106334686
4217,defence,0.13090188801288605
4218,scottsdale,0.060192011296749115
4219,fractures,0.074698805809021
4220,ecard,0.09949614107608795
4221,thames,0.05605631321668625
4222,apologize,0.1184728592634201
4223,shannon,0.1630931943655014
4224,corridors,0.19152721762657166
4225,hiking,0.19088995456695557
4226,shakira,0.07159887254238129
4227,municipalities,0.22503900527954102
4228,grenadines,0.1154794991016388
4229,social,0.055282074958086014
4230,iraq,0.17894206941127777
4231,tahoe,0.17828941345214844
4232,mauritania,0.05507339537143707
4233,weezer,0.17844939231872559
4234,reporter,0.14683611690998077
4235,flowers,0.2552027404308319
4236,britney,0.11984297633171082
4237,missionaries,0.10106492787599564
4238,ashanti,0.20473839342594147
4239,squirrel,0.17051750421524048
4240,helmet,0.10983549803495407
4241,ruins,0.19177229702472687
4242,geology,0.08063839375972748
4243,spices,0.14375807344913483
4244,hiking,0.07911296933889389
4245,swamp,0.06857205927371979
4246,sheep,0.1935650259256363
4247,unicef,0.17089428007602692
4248,capacitor,0.0688377171754837
4249,doors,0.18918099999427795
4250,jockey,0.18127362430095673
4251,darren,0.14106020331382751
4252,watches,0.25844699144363403
4253,gate,0.1119745671749115
4254,niue,0.16555993258953094
4255,hogtied,0.06707434356212616
4256,overhaul,0.1680394858121872
4257,ton,0.22451935708522797
4258,calf,0.20045578479766846
4259,santa,0.1902529001235962
4260,plaid,0.23020265996456146
4261,moroccan,0.09372984617948532
4262,warehouse,0.16794802248477936
4263,savior,0.08064556866884232
4264,mudvayne,0.09830798953771591
4265,kings,0.10274834930896759
4266,egg,0.2478795051574707
4267,slipknot,0.09020107984542847
4268,charges,0.17938295006752014
4269,maltese,0.18043994903564453
4270,modem,0.09483526647090912
4271,dams,0.15723463892936707
4272,proposes,0.06543487310409546
4273,ship,0.20116469264030457
4274,telstra,0.15635257959365845
4275,staind,0.08134336769580841
4276,vases,0.050414085388183594
4277,transistor,0.0517103374004364
4278,cottage,0.1709149181842804
4279,matches,0.07610061019659042
4280,porto,0.12358709424734116
4281,courtyard,0.11317797005176544
4282,fencing,0.0762765035033226
4283,fran,0.10105080902576447
4284,spaghetti,0.18318495154380798
4285,generated,0.08410824835300446
4286,inks,0.1964935064315796
4287,kindergarten,0.10086701810359955
4288,feedback,0.2028634250164032
4289,mariners,0.17109638452529907
4290,leopard,0.19149620831012726
4291,clerks,0.07288713753223419
4292,handful,0.2198386788368225
4293,chimney,0.16474223136901855
4294,vans,0.09867455810308456
4295,biking,0.20230424404144287
4296,windshield,0.09829317033290863
4297,signage,0.2231101095676422
4298,bosch,0.0788176953792572
4299,massachusetts,0.07225368916988373
4300,newsweek,0.08379227668046951
4301,salzburg,0.10277451574802399
4302,ireland,0.17536160349845886
4303,plaza,0.13537263870239258
4304,baltimore,0.174826979637146
4305,algae,0.21744079887866974
4306,figurine,0.16313520073890686
4307,theatres,0.16058529913425446
4308,shells,0.10879313945770264
4309,knots,0.17857582867145538
4310,dishwasher,0.1149393618106842
4311,folds,0.08648966252803802
4312,janis,0.18625670671463013
4313,swiss,0.16902165114879608
4314,timberland,0.05228894576430321
4315,couch,0.19497723877429962
4316,jared,0.10857705771923065
4317,bouquet,0.21089069545269012
4318,swan,0.22624605894088745
4319,spider,0.19049715995788574
4320,jars,0.2561114728450775
4321,orchid,0.04301875829696655
4322,grenadines,0.15691234171390533
4323,yellowstone,0.08201268315315247
4324,silhouette,0.11678646504878998
4325,musician,0.21543319523334503
4326,moroccan,0.1651311069726944
4327,newspaper,0.09751936793327332
4328,dresden,0.07233765721321106
4329,lebanon,0.11079122871160507
4330,penguins,0.17656847834587097
4331,commandments,0.09618926048278809
4332,fall,0.16203993558883667
4333,canoeing,0.17010067403316498
4334,bondage,0.10037139058113098
4335,lasers,0.09228470921516418
4336,naples,0.18503603339195251
4337,ramps,0.11555171757936478
4338,environmentally,0.16542530059814453
4339,gowns,0.2221411168575287
4340,cookies,0.18448606133460999
4341,trivium,0.11097751557826996
4342,meadow,0.17575626075267792
4343,hogtied,0.04636720195412636
4344,fungi,0.23630154132843018
4345,miami,0.08613096177577972
4346,tanning,0.18358024954795837
4347,rulemaking,0.07667415589094162
4348,chromatography,0.06960965692996979
4349,defence,0.12057878822088242
4350,globe,0.17594437301158905
4351,deere,0.22187674045562744
4352,railroad,0.1869499683380127
4353,egg,0.1575894057750702
4354,tibet,0.13557302951812744
4355,column,0.14291232824325562
4356,dram,0.05820247903466225
4357,martinique,0.15877416729927063
4358,sauna,0.1350916028022766
4359,dmx,0.17986109852790833
4360,turtle,0.21568340063095093
4361,dresses,0.1596762090921402
4362,couples,0.09762673079967499
4363,porto,0.17421188950538635
4364,drainage,0.17841371893882751
4365,shannon,0.12291734665632248
4366,altar,0.06528857350349426
4367,greenland,0.1698399782180786
4368,paintball,0.08911484479904175
4369,vineyards,0.08775056153535843
4370,monkey,0.173212930560112
4371,visited,0.0984141081571579
4372,pedestrian,0.10396429896354675
4373,whitman,0.1674313098192215
4374,permanently,0.14759312570095062
4375,restoration,0.1315939724445343
4376,rotterdam,0.180832177400589
4377,lowered,0.17443040013313293
4378,pcb,0.08547769486904144
4379,tsunami,0.2488052248954773
4380,snorkeling,0.07021297514438629
4381,toulouse,0.2514681816101074
4382,carp,0.06619837880134583
4383,farming,0.1731536090373993
4384,festival,0.0973888710141182
4385,bo,0.21214072406291962
4386,lisa,0.1532149314880371
4387,qualifying,0.13705438375473022
4388,iraqi,0.15774308145046234
4389,lymphoma,0.14367948472499847
4390,pooh,0.1023104265332222
4391,dui,0.11437336355447769
4392,gatwick,0.06955675780773163
4393,fishermen,0.16973119974136353
4394,transporting,0.16575384140014648
4395,mccartney,0.11804065108299255
4396,steering,0.17712745070457458
4397,starbucks,0.09143640100955963
4398,bald,0.10891005396842957
4399,gulf,0.2118961662054062
4400,moon,0.1855035424232483
4401,knots,0.20071941614151
4402,courtyard,0.17649681866168976
4403,generated,0.10898776352405548
4404,social,0.20865397155284882
4405,penguins,0.1019473671913147
4406,joined,0.04808904230594635
4407,bedroom,0.14850524067878723
4408,discarded,0.05957885831594467
4409,scottsdale,0.09410630911588669
4410,msn,0.03507359325885773
4411,pedestal,0.20338457822799683
4412,packaging,0.10607126355171204
4413,cheryl,0.15181869268417358
4414,figs,0.1645328849554062
4415,maldives,0.09123571962118149
4416,driveway,0.17559073865413666
4417,fishermen,0.09650635719299316
4418,center,0.11591719090938568
4419,wsop,0.10208537429571152
4420,macdonald,0.17079931497573853
4421,carpet,0.22383999824523926
4422,vaults,0.07456314563751221
4423,hogtied,0.07022344321012497
4424,hanoi,0.19261710345745087
4425,triathlon,0.08272605389356613
4426,referee,0.09366188198328018
4427,valley,0.12346096336841583
4428,urine,0.24268075823783875
4429,meadow,0.10051845014095306
4430,volleyball,0.18826532363891602
4431,clic,0.13350702822208405
4432,charges,0.12834545969963074
4433,parrot,0.17911943793296814
4434,accuracy,0.038226060569286346
4435,galway,0.12935280799865723
4436,nunavut,0.11713002622127533
4437,psalms,0.17274245619773865
4438,goo,0.23711712658405304
4439,entrance,0.19422663748264313
4440,lakeside,0.16334916651248932
4441,prayer,0.15566176176071167
4442,rainy,0.15247613191604614
4443,kiwi,0.1873185932636261
4444,archery,0.08550268411636353
4445,sofas,0.20441699028015137
4446,bamboo,0.10221986472606659
4447,bedroom,0.09162330627441406
4448,studies,0.14729931950569153
4449,inuyasha,0.16416984796524048
4450,tutor,0.18764187395572662
4451,dui,0.1566983163356781
4452,grease,0.09260302782058716
4453,lion,0.2066783457994461
4454,become,0.18170849978923798
4455,augustus,0.06789038330316544
4456,roadway,0.1911323517560959
4457,eu,0.18424072861671448
4458,kiribati,0.15044932067394257
4459,bea,0.17965655028820038
4460,alexa,0.2183394581079483
4461,garrison,0.17137810587882996
4462,rims,0.1772434115409851
4463,wallet,0.20683804154396057
4464,shells,0.24821630120277405
4465,filemaker,0.12384699285030365
4466,antarctica,0.12344510108232498
4467,robe,0.19630847871303558
4468,mcgill,0.09777951240539551
4469,woman,0.15237760543823242
4470,enthusiastic,0.17704355716705322
4471,anchors,0.17564761638641357
4472,generated,0.09697819501161575
4473,averaged,0.14389535784721375
4474,handful,0.10474537312984467
4475,penguin,0.15655870735645294
4476,gatwick,0.12183387577533722
4477,turner,0.09695087373256683
4478,hiking,0.1687196046113968
4479,exhibitor,0.0884011834859848
4480,venom,0.03264198824763298
4481,trivia,0.16193407773971558
4482,epinions,0.15018396079540253
4483,quartet,0.18227940797805786
4484,cake,0.1796882450580597
4485,fishermen,0.19696393609046936
4486,janis,0.21961480379104614
4487,newborn,0.17312484979629517
4488,turkmenistan,0.1032782793045044
4489,hopper,0.08001366257667542
4490,aust,0.1289244294166565
4491,bucket,0.23414352536201477
4492,moscow,0.20236749947071075
4493,enable,0.05259271338582039
4494,aaa,0.14107520878314972
4495,blazer,0.22621339559555054
4496,organ,0.07734660059213638
4497,desserts,0.07136399298906326
4498,detroit,0.0807567834854126
4499,kiribati,0.09229835867881775
4500,rowing,0.08692432194948196
4501,lake,0.08521974831819534
4502,airport,0.1429862529039383
4503,vodafone,0.11316445469856262
4504,bombers,0.12794645130634308
4505,arrests,0.20130981504917145
4506,giclee,0.03387022018432617
4507,dining,0.17516495287418365
4508,cliff,0.20896679162979126
4509,castle,0.1807166039943695
4510,easter,0.2267768681049347
4511,day,0.16240276396274567
4512,upgrades,0.11341875791549683
4513,indoors,0.2046722173690796
4514,lifetime,0.18404130637645721
4515,packers,0.17917494475841522
4516,disks,0.05848396196961403
4517,contributors,0.09928925335407257
4518,bei,0.15190686285495758
4519,softball,0.09036576747894287
4520,usgs,0.14605388045310974
4521,aerosmith,0.13219232857227325
4522,compactflash,0.11179882287979126
4523,array,0.21386489272117615
4524,tacoma,0.09035959839820862
4525,children,0.15334105491638184
4526,dolphins,0.2008201777935028
4527,mermaid,0.18604347109794617
4528,galaxy,0.10454300045967102
4529,predecessor,0.11064056307077408
4530,kissing,0.10283194482326508
4531,heads,0.11315557360649109
4532,birthdays,0.1827671229839325
4533,planting,0.1635386347770691
4534,triathlon,0.07078364491462708
4535,generated,0.052010539919137955
4536,keynote,0.13324503600597382
4537,illinois,0.16853117942810059
4538,algebra,0.16174471378326416
4539,bouquet,0.13901031017303467
4540,cherokee,0.0877714455127716
4541,cancun,0.21172212064266205
4542,bmx,0.2344689667224884
4543,calgary,0.14136792719364166
4544,iu,0.18387360870838165
4545,coaster,0.16993141174316406
4546,olivia,0.08057139813899994
4547,opal,0.06898003816604614
4548,coaches,0.10764354467391968
4549,hogtied,0.10331205278635025
4550,alienware,0.17003905773162842
4551,ecard,0.09015730768442154
4552,mermaid,0.07986758649349213
4553,ecard,0.11274074018001556
4554,plant,0.20732083916664124
4555,lingerie,0.09474336355924606
4556,trophy,0.18304942548274994
4557,shakira,0.11930221319198608
4558,topless,0.17928406596183777
4559,maze,0.26884645223617554
4560,kiwi,0.08993002772331238
4561,amc,0.19876645505428314
4562,cockpit,0.15822403132915497
4563,shorts,0.1550213098526001
4564,apron,0.15601052343845367
4565,swings,0.04242181032896042
4566,clic,0.05195263400673866
4567,phillies,0.10401725023984909
4568,morocco,0.140199676156044
4569,pelican,0.12585420906543732
4570,ham,0.15940234065055847
4571,gowns,0.16816109418869019
4572,tomcat,0.19156958162784576
4573,hopper,0.08972468972206116
4574,poured,0.12734417617321014
4575,nerve,0.09600906819105148
4576,squirting,0.07915027439594269
4577,lavender,0.15993690490722656
4578,downloads,0.1776171177625656
4579,tattoo,0.2386234700679779
4580,earrings,0.18886099755764008
4581,tuck,0.17705129086971283
4582,gowns,0.12223296612501144
4583,spinach,0.047682683914899826
4584,logo,0.08460252732038498
4585,marines,0.1437157243490219
4586,panel,0.15798813104629517
4587,cobra,0.12810039520263672
4588,engagement,0.15589289367198944
4589,burberry,0.09612865746021271
4590,transistor,0.031003784388303757
4591,lengthy,0.0645507425069809
4592,eo,0.04859776422381401
4593,award,0.21051117777824402
4594,white,0.16451188921928406
4595,businessman,0.1364387422800064
4596,jumps,0.1754799634218216
4597,peas,0.20871220529079437
4598,champagne,0.1759825348854065
4599,transistor,0.06260707229375839
4600,trivium,0.08261404931545258
4601,breakfasts,0.1912018209695816
4602,courtyard,0.14127522706985474
4603,panama,0.1360456943511963
4604,social,0.16533836722373962
4605,lender,0.09321846067905426
4606,prague,0.07982049882411957
4607,luggage,0.19286200404167175
4608,protects,0.21581123769283295
4609,phosphorylation,0.10061787068843842
4610,equestrian,0.2104097604751587
4611,discharge,0.07386366277933121
4612,janis,0.1836165189743042
4613,richter,0.12758348882198334
4614,botswana,0.09088903665542603
4615,vanuatu,0.11133700609207153
4616,brit,0.1708672046661377
4617,married,0.1500370353460312
4618,training,0.1557909995317459
4619,training,0.18475401401519775
4620,earrings,0.24307887256145477
4621,winamp,0.07362277805805206
4622,wetlands,0.09163230657577515
4623,christmas,0.16670677065849304
4624,nightwish,0.057390760630369186
4625,barrels,0.07838401198387146
4626,narnia,0.11801226437091827
4627,coldplay,0.11336386203765869
4628,defense,0.14051151275634766
4629,pudding,0.1607501357793808
4630,logs,0.1866506040096283
4631,enclosure,0.2065717577934265
4632,aniston,0.16313469409942627
4633,bild,0.062159810215234756
4634,harry,0.16349579393863678
4635,mauritania,0.18432152271270752
4636,film,0.13533160090446472
4637,pussy,0.18787819147109985
4638,streams,0.2128780037164688
4639,tuvalu,0.1919081211090088
4640,brides,0.15004198253154755
4641,bild,0.07167445868253708
4642,joanna,0.1527702808380127
4643,ocean,0.1474739909172058
4644,augustine,0.1143452376127243
4645,nautical,0.06876219809055328
4646,commercials,0.08771935850381851
4647,invitations,0.21949563920497894
4648,nach,0.19575229287147522
4649,orange,0.18969538807868958
4650,twice,0.09867210686206818
4651,registrar,0.13328133523464203
4652,yosemite,0.09648984670639038
4653,transistor,0.10875696688890457
4654,golfing,0.0975915938615799
4655,dressing,0.07941222190856934
4656,tires,0.1731627881526947
4657,amenities,0.10314550250768661
4658,buddhism,0.18605314195156097
4659,cheerleader,0.057823825627565384
4660,skins,0.08853213489055634
4661,judaism,0.0585043840110302
4662,comoros,0.06514355540275574
4663,travelodge,0.14059913158416748
4664,strauss,0.15847724676132202
4665,nurses,0.20651903748512268
4666,clic,0.03290994092822075
4667,renders,0.07651159167289734
4668,monetary,0.15466855466365814
4669,fencing,0.077224500477314
4670,dab,0.14216725528240204
4671,robin,0.1147884726524353
4672,crowds,0.17344337701797485
4673,otter,0.21327821910381317
4674,tomatoes,0.23176580667495728
4675,crawl,0.2044248878955841
4676,saskatoon,0.2089087814092636
4677,pianist,0.06630123406648636
4678,daemon,0.11342683434486389
4679,sweeping,0.2138052135705948
4680,patriotic,0.13197804987430573
4681,augustus,0.12446972727775574
4682,wallpapers,0.050463441759347916
4683,shelby,0.059738799929618835
4684,blackboard,0.20806972682476044
4685,sofa,0.20563772320747375
4686,golfing,0.1060090884566307
4687,uniform,0.16767597198486328
4688,pony,0.18178881704807281
4689,sheets,0.1622830033302307
4690,tipping,0.2161259949207306
4691,fencing,0.11306745558977127
4692,valentino,0.1725258231163025
4693,stairs,0.21333344280719757
4694,firefighter,0.2080981731414795
4695,beginners,0.17324316501617432
4696,magician,0.1310451775789261
4697,pubmed,0.09022694081068039
4698,anguilla,0.12565885484218597
4699,keys,0.1776648759841919
4700,aforementioned,0.03537890687584877
4701,alamo,0.06130712479352951
4702,iu,0.08315455913543701
4703,snooker,0.10906054824590683
4704,uefa,0.08287675678730011
4705,stripes,0.39902573823928833
4706,ball,0.1069207638502121
4707,schoolgirl,0.09142275154590607
4708,habit,0.18855541944503784
4709,were,0.18017509579658508
4710,grease,0.03905028477311134
4711,populations,0.11590368300676346
4712,social,0.1100468635559082
4713,switzerland,0.19267967343330383
4714,gnome,0.14432714879512787
4715,wacky,0.07745745033025742
4716,corrosion,0.2156609147787094
4717,northumberland,0.19008314609527588
4718,rainforest,0.14911434054374695
4719,tubing,0.19494809210300446
4720,nunavut,0.09532222896814346
4721,mains,0.11304903775453568
4722,laundering,0.0989106297492981
4723,itinerary,0.07833199203014374
4724,taipei,0.07198532670736313
4725,geisha,0.14233119785785675
4726,ceiling,0.057898592203855515
4727,bild,0.0953201949596405
4728,moroccan,0.13943485915660858
4729,ecard,0.07904180884361267
4730,foam,0.14805416762828827
4731,capri,0.13336420059204102
4732,conservatory,0.10427379608154297
4733,pines,0.1416652947664261
4734,charges,0.04914778470993042
4735,diapers,0.06299173831939697
4736,ropes,0.14602355659008026
4737,shepherd,0.11043518781661987
4738,blue,0.17718103528022766
4739,monaco,0.06885535269975662
4740,feeds,0.1261577159166336
4741,apparel,0.1576981097459793
4742,cheltenham,0.1070985496044159
4743,pines,0.07877308130264282
4744,cams,0.10080082714557648
4745,fed,0.15249855816364288
4746,pixar,0.14809662103652954
4747,kayaking,0.27339017391204834
4748,shrek,0.16599369049072266
4749,tummy,0.07451433688402176
4750,uzbekistan,0.13013684749603271
4751,wishes,0.17824479937553406
4752,curling,0.10283908247947693
4753,generated,0.12034384161233902
4754,kd,0.08669544011354446
4755,ferris,0.12773296236991882
4756,lacrosse,0.14604319632053375
4757,aloe,0.0966285690665245
4758,profile,0.11962279677391052
4759,market,0.16190600395202637
4760,crosby,0.10658404231071472
4761,vows,0.16778816282749176
4762,pistols,0.20262616872787476
4763,moroccan,0.08033144474029541
4764,asus,0.11632659286260605
4765,audience,0.12896093726158142
4766,plaid,0.4193626046180725
4767,thames,0.2374688684940338
4768,sweater,0.07367080450057983
4769,stocked,0.0953247994184494
4770,prairie,0.20390942692756653
4771,cosmopolitan,0.2360125482082367
4772,ecard,0.08142760396003723
4773,ravens,0.23224693536758423
4774,earth,0.17767278850078583
4775,tennis,0.26527467370033264
4776,sunglasses,0.16390055418014526
4777,generated,0.12182512879371643
4778,magnolia,0.10846542567014694
4779,hiking,0.2109733372926712
4780,fireplace,0.016893524676561356
4781,balcony,0.1653982400894165
4782,hmmm,0.09863293170928955
4783,swingers,0.09831731021404266
4784,sims,0.1004638671875
4785,gifts,0.18487289547920227
4786,hershey,0.09652809798717499
4787,sheep,0.20308107137680054
4788,samoa,0.06449595093727112
4789,nora,0.15474992990493774
4790,apple,0.2280064970254898
4791,mermaid,0.12092767655849457
4792,balloons,0.18802423775196075
4793,judges,0.1282065510749817
4794,vols,0.0638679787516594
4795,blur,0.10786271840333939
4796,groom,0.17771172523498535
4797,municipalities,0.1562335342168808
4798,clears,0.16436009109020233
4799,rocks,0.2435033917427063
4800,headline,0.0936540886759758
4801,sucking,0.24167045950889587
4802,fundraiser,0.11120304465293884
4803,branches,0.23346632719039917
4804,hopper,0.06488535553216934
4805,bbq,0.06768333911895752
4806,venice,0.11849287152290344
4807,granite,0.09664615988731384
4808,hearts,0.19564923644065857
4809,santa,0.14829348027706146
4810,jimi,0.11438778042793274
4811,vows,0.1728619486093521
4812,charcoal,0.0555197149515152
4813,hamlet,0.23720873892307281
4814,golden,0.28545111417770386
4815,pesos,0.132297545671463
4816,hosts,0.13258123397827148
4817,panel,0.114633709192276
4818,eagle,0.1953430324792862
4819,herring,0.06209844723343849
4820,swift,0.13564151525497437
4821,cannes,0.13983042538166046
4822,graceful,0.12822681665420532
4823,globe,0.19455640017986298
4824,twilight,0.14828018844127655
4825,piston,0.2183346152305603
4826,market,0.11194794625043869
4827,cushions,0.1387447565793991
4828,andorra,0.13838312029838562
4829,atmosphere,0.19849956035614014
4830,aquaculture,0.12624411284923553
4831,verona,0.1639106571674347
4832,shaving,0.18345479667186737
4833,businessman,0.21816736459732056
4834,desktop,0.11640710383653641
4835,fluorescence,0.11208494007587433
4836,schwarzenegger,0.1638011634349823
4837,majordomo,0.21611908078193665
4838,debian,0.2533751130104065
4839,tasmania,0.20217393338680267
4840,cain,0.21559935808181763
4841,tennis,0.15741179883480072
4842,veil,0.034814659506082535
4843,guitar,0.20787736773490906
4844,roses,0.23582574725151062
4845,organ,0.21117115020751953
4846,tivo,0.1557142436504364
4847,turtles,0.3114910125732422
4848,lesotho,0.09028379619121552
4849,trivium,0.0660543292760849
4850,manson,0.12968255579471588
4851,tree,0.21650370955467224
4852,spherical,0.17846044898033142
4853,extensions,0.16630709171295166
4854,opal,0.06068684160709381
4855,obesity,0.18014857172966003
4856,memorial,0.14980697631835938
4857,plains,0.16352961957454681
4858,sauna,0.21926456689834595
4859,golfers,0.22843316197395325
4860,yorkshire,0.20006632804870605
4861,courtyard,0.06949559599161148
4862,msn,0.09128627926111221
4863,floral,0.21286842226982117
4864,sparrow,0.0941663458943367
4865,bldg,0.16640672087669373
4866,santa,0.2238098680973053
4867,premiere,0.12564842402935028
4868,motorcycles,0.21956829726696014
4869,belize,0.08030054718255997
4870,nudists,0.245073139667511
4871,irene,0.11547589302062988
4872,philosophers,0.1742231696844101
4873,emu,0.18391954898834229
4874,engraving,0.13925756514072418
4875,prom,0.17348775267601013
4876,surprises,0.17140549421310425
4877,santa,0.1811404973268509
4878,wheelchair,0.26744145154953003
4879,horseback,0.20251141488552094
4880,switzerland,0.19077178835868835
4881,wedding,0.17345835268497467
4882,kitchens,0.12266990542411804
4883,gorilla,0.1753830909729004
4884,fires,0.22139763832092285
4885,stacks,0.12503233551979065
4886,sudoku,0.20769678056240082
4887,rainforest,0.14685721695423126
4888,smithsonian,0.09812251478433609
4889,portrait,0.11342724412679672
4890,everest,0.18362212181091309
4891,emirates,0.19707651436328888
4892,filtered,0.15442046523094177
4893,obituary,0.0789860337972641
4894,darussalam,0.17292143404483795
4895,cadillac,0.18263259530067444
4896,chesapeake,0.10729490220546722
4897,hogtied,0.08369322866201401
4898,aims,0.14641299843788147
4899,beavers,0.19855144619941711
4900,richter,0.09766953438520432
4901,irene,0.17051173746585846
4902,tourists,0.05690687894821167
4903,autographs,0.1011914312839508
4904,fireplace,0.19748175144195557
4905,penguins,0.23905153572559357
4906,cake,0.16818483173847198
4907,stalls,0.1941593736410141
4908,weymouth,0.1303580105304718
4909,bild,0.13057847321033478
4910,tanning,0.06447692960500717
4911,caicos,0.09924260526895523
4912,ballet,0.20346370339393616
4913,ciara,0.19381488859653473
4914,raven,0.17277385294437408
4915,seeds,0.17455603182315826
4916,hay,0.241032212972641
4917,jenny,0.18149307370185852
4918,rear,0.09398940205574036
4919,clover,0.20332741737365723
4920,crocodile,0.18818435072898865
4921,audioslave,0.07463007420301437
4922,usher,0.1513492465019226
4923,backstreet,0.1621929109096527
4924,municipalities,0.08878793567419052
4925,rei,0.17837703227996826
4926,damages,0.07071641087532043
4927,frustrating,0.1408645659685135
4928,audubon,0.1333875209093094
4929,highlighted,0.1286301612854004
4930,bbq,0.17365103960037231
4931,rows,0.0988311693072319
4932,travelodge,0.07042160630226135
4933,hopper,0.08948326855897903
4934,rooms,0.1704644411802292
4935,triathlon,0.1713060587644577
4936,logs,0.18955664336681366
4937,clic,0.09176106750965118
4938,metro,0.18814149498939514
4939,produce,0.168918639421463
4940,sweatshirt,0.1943695843219757
4941,grey,0.11694151163101196
4942,longitude,0.11066891252994537
4943,backpacks,0.2010623812675476
4944,roads,0.15583975613117218
4945,profile,0.09292173385620117
4946,dui,0.07239992916584015
4947,students,0.08038277924060822
4948,watercolor,0.13050884008407593
4949,rivers,0.16797968745231628
4950,dialysis,0.10060203075408936
4951,steak,0.1547953337430954
4952,darfur,0.1294618397951126
4953,corinthians,0.09395138919353485
4954,martial,0.1138221025466919
4955,defence,0.16704021394252777
4956,butterflies,0.26583796739578247
4957,tad,0.2315487563610077
4958,tokyo,0.07524792850017548
4959,grass,0.16044984757900238
4960,boulder,0.15304122865200043
4961,branches,0.20774592459201813
4962,scarborough,0.19923408329486847
4963,capri,0.1342018097639084
4964,whistler,0.21199825406074524
4965,thumbzilla,0.06780534982681274
4966,playlists,0.10466766357421875
4967,levine,0.12965954840183258
4968,owls,0.10896363854408264
4969,newest,0.13197582960128784
4970,icelandic,0.15463054180145264
4971,rammstein,0.11307759582996368
4972,wnba,0.15864352881908417
4973,maldives,0.09919923543930054
4974,hopper,0.1443452537059784
4975,nursery,0.18383091688156128
4976,crypt,0.16721047461032867
4977,stargate,0.09283512085676193
4978,yachts,0.19642657041549683
4979,agreement,0.1948729157447815
4980,swings,0.047988325357437134
4981,briefcase,0.20958212018013
4982,cheerleader,0.11790771037340164
4983,happiness,0.14025159180164337
4984,gazette,0.08038286864757538
4985,bra,0.1208275854587555
4986,british,0.15387925505638123
4987,tuscany,0.08518549054861069
4988,nikki,0.11959949880838394
4989,saturn,0.13891029357910156
4990,airlines,0.180294007062912
4991,gazette,0.06233556568622589
4992,piracy,0.050166621804237366
4993,horoscopes,0.12020076811313629
4994,flickr,0.11569046229124069
4995,decorate,0.17280139029026031
4996,capri,0.16053923964500427
4997,shaving,0.09831112623214722
4998,fridays,0.18200667202472687
4999,button,0.1276458352804184
5000,newly,0.17406773567199707
5001,toledo,0.10669922083616257
5002,augustus,0.18953143060207367
5003,stars,0.12427061796188354
5004,oregon,0.1045980304479599
5005,gutenberg,0.10573504865169525
5006,fencing,0.15465673804283142
5007,windy,0.10033752024173737
5008,rivers,0.18171006441116333
5009,puppets,0.13393786549568176
5010,withdrawn,0.11890197545289993
5011,habit,0.12976191937923431
5012,furnishings,0.19280347228050232
5013,cervical,0.12166495621204376
5014,training,0.15875530242919922
5015,milf,0.13124050199985504
5016,victorian,0.19343172013759613
5017,apartment,0.15809839963912964
5018,shinedown,0.1269606500864029
5019,twiztid,0.0637492910027504
5020,stones,0.19583278894424438
5021,separates,0.17536668479442596
5022,webinar,0.10875816643238068
5023,caterpillar,0.177366241812706
5024,forte,0.18110473453998566
5025,iss,0.16107521951198578
5026,asians,0.2351049929857254
5027,crowded,0.09752151370048523
5028,proposing,0.1476464867591858
5029,tibet,0.11339415609836578
5030,supernatural,0.07752904295921326
5031,autographed,0.1253713071346283
5032,elect,0.16470620036125183
5033,zelda,0.1660887449979782
5034,organisation,0.07579565048217773
5035,galveston,0.1066540777683258
5036,sheraton,0.1955450475215912
5037,suits,0.2179737240076065
5038,gloves,0.17855289578437805
5039,obstetrics,0.10541240870952606
5040,europa,0.09891200810670853
5041,aloe,0.09933315962553024
5042,flickr,0.08681859076023102
5043,streams,0.18355074524879456
5044,spheres,0.20232927799224854
5045,moldova,0.09644456207752228
5046,generated,0.10374560952186584
5047,bangalore,0.18040592968463898
5048,pyramid,0.20922134816646576
5049,accelerator,0.06629502773284912
5050,transistor,0.06608997285366058
5051,shortlist,0.1990630030632019
5052,dunes,0.1874518245458603
5053,noir,0.11988301575183868
5054,overhaul,0.10960105061531067
5055,squirrel,0.21694186329841614
5056,niue,0.15682576596736908
5057,merchandise,0.1512155383825302
5058,singapore,0.18179777264595032
5059,trumpet,0.13524028658866882
5060,lebanese,0.1865665316581726
5061,docs,0.11559237539768219
5062,gamefaqs,0.07251197844743729
5063,robe,0.12559838593006134
5064,porsche,0.19612592458724976
5065,niue,0.11653770506381989
5066,budgeting,0.1807672381401062
5067,cgi,0.09928722679615021
5068,firefox,0.062478624284267426
5069,billboard,0.07429155707359314
5070,piano,0.23503664135932922
5071,spreadsheet,0.08254855126142502
5072,ball,0.21571356058120728
5073,alexa,0.09300404042005539
5074,surfers,0.18874266743659973
5075,bild,0.07482338696718216
5076,mcsg,0.08195285499095917
5077,ein,0.14558722078800201
5078,smartphone,0.21366848051548004
5079,portland,0.13209132850170135
5080,transistor,0.09333214163780212
5081,jupiter,0.14131566882133484
5082,rafting,0.09893092513084412
5083,maine,0.16455118358135223
5084,mushroom,0.24763409793376923
5085,bookshelf,0.1912526935338974
5086,worldcat,0.20130141079425812
5087,congratulations,0.20367936789989471
5088,guitar,0.18216237425804138
5089,substantial,0.12827068567276
5090,sunset,0.265952467918396
5091,garrison,0.14843705296516418
5092,toulouse,0.08276785910129547
5093,clerks,0.09810066223144531
5094,font,0.06547616422176361
5095,trekking,0.19804954528808594
5096,municipalities,0.14408138394355774
5097,liechtenstein,0.20608843863010406
5098,newsweek,0.06853378564119339
5099,logs,0.09449896216392517
5100,labrador,0.16311505436897278
5101,superman,0.1842653602361679
5102,wine,0.1920388638973236
5103,subset,0.20125317573547363
5104,balloon,0.2275182604789734
5105,cubes,0.1583923101425171
5106,vallarta,0.11863943934440613
5107,inserts,0.24235689640045166
5108,protesters,0.18112336099147797
5109,turtle,0.21526014804840088
5110,garland,0.1257362812757492
5111,child,0.17579670250415802
5112,stargate,0.09065309911966324
5113,supernatural,0.12299952656030655
5114,qc,0.13179054856300354
5115,landfill,0.12321987003087997
5116,alps,0.20435120165348053
5117,deficits,0.07342085242271423
5118,stands,0.12215694785118103
5119,breastfeeding,0.14807717502117157
5120,blinds,0.19141767919063568
5121,ribbon,0.1849951446056366
5122,bovine,0.20328208804130554
5123,maserati,0.10349588096141815
5124,moroccan,0.05587300285696983
5125,rocks,0.21012148261070251
5126,smiling,0.1301250457763672
5127,laminated,0.08713637292385101
5128,flagstaff,0.0831654965877533
5129,rutgers,0.0817074179649353
5130,bergen,0.09132830053567886
5131,clic,0.09866391122341156
5132,airplanes,0.1849372684955597
5133,schwarzenegger,0.1695631444454193
5134,businessman,0.06381981074810028
5135,protections,0.11739309132099152
5136,curves,0.16845208406448364
5137,dome,0.12185344099998474
5138,route,0.17479558289051056
5139,proposes,0.0986347422003746
5140,phelps,0.17404678463935852
5141,bosch,0.10257387906312943
5142,puma,0.16252213716506958
5143,cambodia,0.14547915756702423
5144,pilates,0.10707737505435944
5145,signage,0.10721796005964279
5146,arrange,0.22537744045257568
5147,mayo,0.23838722705841064
5148,yellowstone,0.1568697839975357
5149,nero,0.05251944065093994
5150,salzburg,0.12439259886741638
5151,ecard,0.09533832222223282
5152,parties,0.1921229213476181
5153,blazer,0.06305167078971863
5154,banner,0.1215016320347786
5155,duff,0.1724381148815155
5156,opal,0.11523512750864029
5157,hale,0.20323695242404938
5158,oprah,0.20782442390918732
5159,trench,0.06869888305664062
5160,cavaliers,0.13670088350772858
5161,helmets,0.21878153085708618
5162,balcony,0.2505519688129425
5163,alamo,0.10934044420719147
5164,hmmm,0.16519106924533844
5165,chairs,0.2088235467672348
5166,hoods,0.1891900897026062
5167,chanel,0.16545936465263367
5168,dancers,0.1908036172389984
5169,rainforest,0.14675027132034302
5170,playground,0.18206825852394104
5171,jubilee,0.12514685094356537
5172,ceiling,0.07949261367321014
5173,diagram,0.08099798113107681
5174,coats,0.1639418601989746
5175,hopper,0.1061982661485672
5176,concert,0.081753671169281
5177,armenian,0.05399790406227112
5178,nylons,0.12106719613075256
5179,curry,0.1264389157295227
5180,transistor,0.005556623451411724
5181,banff,0.1620780974626541
5182,vines,0.2090752124786377
5183,burgundy,0.4077058434486389
5184,celtic,0.13611559569835663
5185,calvin,0.0977376252412796
5186,evanescence,0.12209142744541168
5187,sheraton,0.2130623459815979
5188,engine,0.1313200443983078
5189,indemnity,0.09155632555484772
5190,walmart,0.09164818376302719
5191,puppies,0.12567687034606934
5192,eclipse,0.15696018934249878
5193,london,0.17976461350917816
5194,shook,0.0829683318734169
5195,turquoise,0.13652169704437256
5196,transistor,0.13229161500930786
5197,worldcat,0.13180576264858246
5198,earrings,0.20895181596279144
5199,atoms,0.10888586938381195
5200,farmhouse,0.20583222806453705
5201,mudvayne,0.10679880529642105
5202,uzbekistan,0.07404212653636932
5203,apache,0.09424116462469101
5204,loft,0.2012176513671875
5205,skirts,0.08695739507675171
5206,pollution,0.17897610366344452
5207,usability,0.07070910185575485
5208,tackling,0.18405918776988983
5209,macau,0.07929722219705582
5210,acoustic,0.09954014420509338
5211,backdrop,0.1125759556889534
5212,battery,0.0749731957912445
5213,airborne,0.1763015240430832
5214,forty,0.21918626129627228
5215,managerial,0.09764163941144943
5216,tattoos,0.18621958792209625
5217,ballroom,0.1603565663099289
5218,lookup,0.1652209609746933
5219,spoon,0.13408292829990387
5220,beach,0.11179148405790329
5221,silhouette,0.28992748260498047
5222,highway,0.2077106535434723
5223,whisky,0.17093539237976074
5224,tallahassee,0.16111642122268677
5225,curb,0.18665394186973572
5226,police,0.12945407629013062
5227,cake,0.16658325493335724
5228,kylie,0.17201554775238037
5229,penthouse,0.17185509204864502
5230,atmospheric,0.18457886576652527
5231,invented,0.10374074429273605
5232,newspapers,0.19517478346824646
5233,singing,0.1888323426246643
5234,cannes,0.1663316786289215
5235,leopard,0.07133142650127411
5236,osx,0.08689925819635391
5237,stockings,0.051780350506305695
5238,rainbow,0.23463386297225952
5239,breastfeeding,0.08110900223255157
5240,hopper,0.0909535139799118
5241,slovenia,0.18575699627399445
5242,yellowstone,0.11077848076820374
5243,kissing,0.17450767755508423
5244,grease,0.027778301388025284
5245,qc,0.11162279546260834
5246,skating,0.11447646468877792
5247,whistler,0.1353497952222824
5248,graduate,0.1940026879310608
5249,hogtied,0.07071052491664886
5250,breastfeeding,0.10368695855140686
5251,amazed,0.1278672069311142
5252,polaroid,0.12475631386041641
5253,iu,0.1497630923986435
5254,specified,0.289753258228302
5255,mclaren,0.036974240094423294
5256,pilates,0.10337959229946136
5257,merry,0.1667104810476303
5258,clerks,0.09851042181253433
5259,bild,0.03332415223121643
5260,calgary,0.20184382796287537
5261,golden,0.1798524558544159
5262,redskins,0.20657683908939362
5263,swings,0.07485290616750717
5264,dinnerware,0.14732211828231812
5265,networks,0.19040776789188385
5266,alamo,0.14980007708072662
5267,dumping,0.1757897287607193
5268,vases,0.11950375884771347
5269,gibraltar,0.06456594169139862
5270,raphael,0.10177841037511826
5271,bergen,0.1075592190027237
5272,pitching,0.11313275247812271
5273,pitching,0.13087622821331024
5274,britney,0.1033749058842659
5275,fireworks,0.21023643016815186
5276,cameltoe,0.10038568079471588
5277,mumbai,0.1577298641204834
5278,wheelchair,0.1863451600074768
5279,ceramics,0.12978218495845795
5280,paintball,0.060826122760772705
5281,rockport,0.12734809517860413
5282,diecast,0.03100181184709072
5283,hogtied,0.11320466548204422
5284,birch,0.19097687304019928
5285,butterflies,0.09006483852863312
5286,reds,0.11725148558616638
5287,bridging,0.16555309295654297
5288,circuit,0.20401789247989655
5289,skirts,0.19328993558883667
5290,beginners,0.13498444855213165
5291,rolls,0.20023131370544434
5292,judaism,0.07802678644657135
5293,crowded,0.1230875551700592
5294,leather,0.18045522272586823
5295,novell,0.18524204194545746
5296,stickers,0.06184424087405205
5297,breastfeeding,0.06944946944713593
5298,coolest,0.2121790647506714
5299,keys,0.20888355374336243
5300,deficits,0.13664093613624573
5301,permitted,0.08963346481323242
5302,dress,0.08505810797214508
5303,ordering,0.15222252905368805
5304,dressing,0.0737776905298233
5305,spouses,0.10818906873464584
5306,budgeting,0.1963426172733307
5307,cheque,0.17628061771392822
5308,trains,0.07227689772844315
5309,berries,0.21466480195522308
5310,grandparents,0.1450217068195343
5311,potatoes,0.20221005380153656
5312,trivium,0.094239741563797
5313,rainforest,0.2000575065612793
5314,boxing,0.24471652507781982
5315,elephants,0.2874886989593506
5316,masks,0.07132800668478012
5317,puppets,0.20703992247581482
5318,macro,0.11779604852199554
5319,cork,0.06750636547803879
5320,backpack,0.11706031858921051
5321,schoolgirl,0.17379339039325714
5322,beach,0.1651049107313156
5323,independence,0.19605684280395508
5324,pool,0.20241229236125946
5325,toilet,0.22113960981369019
5326,bild,0.14793172478675842
5327,cartoon,0.119664266705513
5328,collage,0.14825484156608582
5329,scans,0.12025429308414459
5330,clinton,0.12676356732845306
5331,maltese,0.19411751627922058
5332,gown,0.2030668556690216
5333,moldova,0.07586658000946045
5334,pig,0.2537330985069275
5335,edinburgh,0.0919245183467865
5336,ledger,0.1223485991358757
5337,dressing,0.10497245192527771
5338,goats,0.1270556002855301
5339,dominican,0.0886407196521759
5340,toolbox,0.2108643352985382
5341,logo,0.16038735210895538
5342,walks,0.11248435080051422
5343,europa,0.18410606682300568
5344,iu,0.18795305490493774
5345,sorrow,0.1486710011959076
5346,spirited,0.23137466609477997
5347,gorillaz,0.12021045386791229
5348,clouds,0.1645205318927765
5349,superman,0.24119484424591064
5350,skirt,0.17884700000286102
5351,uzbekistan,0.05503663420677185
5352,couple,0.17852357029914856
5353,brown,0.2784690856933594
5354,tenerife,0.1982409954071045
5355,cairo,0.1673438400030136
5356,juices,0.15500882267951965
5357,cabinets,0.19583898782730103
5358,exposures,0.13259683549404144
5359,kayaking,0.20547030866146088
5360,undefined,0.12449029088020325
5361,reseller,0.10586999356746674
5362,ore,0.07227037847042084
5363,martial,0.11470942944288254
5364,dialysis,0.09594910591840744
5365,skies,0.13194400072097778
5366,curry,0.09436602890491486
5367,dialysis,0.05423737317323685
5368,guiana,0.10471087694168091
5369,turquoise,0.41081660985946655
5370,jukebox,0.15995867550373077
5371,pediatrics,0.1757156401872635
5372,coral,0.16994702816009521
5373,highways,0.20858389139175415
5374,sunrise,0.2035527527332306
5375,withdrawn,0.17872503399848938
5376,hgh,0.20579442381858826
5377,oxford,0.19023099541664124
5378,add,0.09538281708955765
5379,fir,0.2207736372947693
5380,market,0.14504669606685638
5381,starters,0.11157625913619995
5382,arizona,0.15273118019104004
5383,spider,0.22668671607971191
5384,soho,0.1793191134929657
5385,blur,0.2497645616531372
5386,hugh,0.0800376832485199
5387,evanescence,0.10648153722286224
5388,saskatoon,0.20268940925598145
5389,dunes,0.185459166765213
5390,couch,0.18577420711517334
5391,wheelchair,0.21101054549217224
5392,caution,0.17138272523880005
5393,barcelona,0.13260160386562347
5394,hogtied,0.06094254180788994
5395,pointe,0.17857393622398376
5396,cheshire,0.15424156188964844
5397,anthrax,0.1727285087108612
5398,dialysis,0.08588924258947372
5399,halloween,0.15966539084911346
5400,velvet,0.09068244695663452
5401,benches,0.036060310900211334
5402,tummy,0.08450840413570404
5403,salads,0.16518718004226685
5404,niue,0.1430121213197708
5405,israelis,0.18442434072494507
5406,valleys,0.1698945313692093
5407,hopper,0.08538481593132019
5408,sculpture,0.13608819246292114
5409,sheets,0.14123257994651794
5410,tourists,0.15882055461406708
5411,xii,0.24487365782260895
5412,donkey,0.14072349667549133
5413,auditorium,0.16944007575511932
5414,agility,0.1545453667640686
5415,cannes,0.1948430985212326
5416,sauna,0.18030329048633575
5417,weymouth,0.14524735510349274
5418,saxon,0.06350529938936234
5419,myocardial,0.12969070672988892
5420,iu,0.09896530210971832
5421,gardening,0.08912652730941772
5422,resistor,0.1801367998123169
5423,hiking,0.08519645780324936
5424,kyrgyzstan,0.07061794400215149
5425,bloodhound,0.15993596613407135
5426,scottsdale,0.12746219336986542
5427,alla,0.202905535697937
5428,cannon,0.1106429174542427
5429,panel,0.049327459186315536
5430,courtroom,0.14680947363376617
5431,seychelles,0.058011457324028015
5432,undefined,0.08193731307983398
5433,bosch,0.18986274302005768
5434,egyptian,0.1674349308013916
5435,transistor,0.05957870930433273
5436,duff,0.12067539989948273
5437,rr,0.1907132863998413
5438,aruba,0.12566275894641876
5439,silica,0.1313336342573166
5440,fingers,0.2166471779346466
5441,matte,0.17972031235694885
5442,generated,0.11295155435800552
5443,drops,0.20443318784236908
5444,jars,0.18399345874786377
5445,coins,0.15388262271881104
5446,nails,0.188847616314888
5447,dyes,0.19572696089744568
5448,vikings,0.19256755709648132
5449,sectors,0.1287887543439865
5450,balcony,0.16207347810268402
5451,tomato,0.22891615331172943
5452,clic,0.05116334185004234
5453,wetland,0.13721758127212524
5454,cot,0.23413576185703278
5455,woodstock,0.09301363676786423
5456,haynes,0.17088431119918823
5457,surfers,0.13243523240089417
5458,nikki,0.04692922160029411
5459,female,0.09041925519704819
5460,hopper,0.10505590587854385
5461,coldplay,0.09917645156383514
5462,watchdog,0.14683058857917786
5463,bulldog,0.21780088543891907
5464,gauges,0.09192859381437302
5465,conservatory,0.08764004707336426
5466,plone,0.20996323227882385
5467,tackle,0.187986359000206
5468,swing,0.07904522120952606
5469,luggage,0.2099984884262085
5470,social,0.12709222733974457
5471,hearts,0.21076613664627075
5472,orders,0.17340803146362305
5473,hogtied,0.09665969014167786
5474,generated,0.1452534794807434
5475,clancy,0.1619160771369934
5476,pitcher,0.12751786410808563
5477,timer,0.20555877685546875
5478,charges,0.10204985737800598
5479,award,0.17830687761306763
5480,summer,0.19889721274375916
5481,wires,0.21512340009212494
5482,running,0.2077217698097229
5483,lobster,0.11850114166736603
5484,garnet,0.1424340158700943
5485,fudge,0.18847928941249847
5486,blk,0.061341773718595505
5487,judaism,0.05954260751605034
5488,hanoi,0.17146974802017212
5489,lays,0.10947775840759277
5490,ruins,0.17236639559268951
5491,landscaping,0.13679538667201996
5492,evacuation,0.10264068096876144
5493,vuitton,0.173323392868042
5494,corridor,0.17285296320915222
5495,townhouse,0.16394510865211487
5496,yellowstone,0.07391639053821564
5497,winged,0.20980140566825867
5498,bosch,0.11718646436929703
5499,garages,0.06575296819210052
5500,trivium,0.10023926198482513
5501,grease,0.10326854884624481
5502,celebrations,0.09357192367315292
5503,botswana,0.23172903060913086
5504,sauna,0.1569579690694809
5505,viking,0.05567388981580734
5506,drafts,0.11591409146785736
5507,underoath,0.14027701318264008
5508,cinemas,0.08943113684654236
5509,scream,0.20774665474891663
5510,watercolor,0.06737788766622543
5511,gorillaz,0.11270496249198914
5512,rover,0.13306501507759094
5513,garlic,0.11888561397790909
5514,cooling,0.1343802958726883
5515,airsoft,0.15365570783615112
5516,sedona,0.2525402307510376
5517,nascar,0.1851959228515625
5518,inuyasha,0.07062391191720963
5519,woodstock,0.1110830008983612
5520,topology,0.1759960800409317
5521,ordering,0.1184159442782402
5522,stair,0.19744212925434113
5523,weezer,0.202395960688591
5524,punk,0.07459446042776108
5525,snorkeling,0.21587295830249786
5526,plan,0.09901703894138336
5527,generated,0.10378801822662354
5528,aquaculture,0.08613643050193787
5529,workgroup,0.11897224187850952
5530,keynote,0.1511804312467575
5531,amd,0.0744975134730339
5532,freeway,0.17465534806251526
5533,tees,0.11884891986846924
5534,brunei,0.15892480313777924
5535,backgammon,0.16228429973125458
5536,musicians,0.08368729054927826
5537,towel,0.1361108273267746
5538,pyramid,0.09276655316352844
5539,crashes,0.14618100225925446
5540,paris,0.1420947164297104
5541,balloon,0.17245861887931824
5542,fires,0.19673117995262146
5543,gloryhole,0.15200062096118927
5544,webcams,0.11568143218755722
5545,connecticut,0.02192867174744606
5546,dragonfly,0.18656541407108307
5547,bridal,0.20755578577518463
5548,denmark,0.18508973717689514
5549,ig,0.09835565090179443
5550,garrison,0.15371859073638916
5551,moroccan,0.05405861511826515
5552,gibraltar,0.10410944372415543
5553,coldplay,0.17682074010372162
5554,drops,0.15692821145057678
5555,belize,0.06515847146511078
5556,peppers,0.13963235914707184
5557,hoodia,0.06540410220623016
5558,bridges,0.1946825087070465
5559,alberta,0.061617687344551086
5560,flickr,0.05952410399913788
5561,burger,0.19420596957206726
5562,settlers,0.10156455636024475
5563,helicopters,0.15413856506347656
5564,punctuation,0.12269776314496994
5565,virtues,0.1993863582611084
5566,serious,0.15117567777633667
5567,abbreviations,0.13669301569461823
5568,charcoal,0.13297900557518005
5569,cartoon,0.09245403110980988
5570,prom,0.13322368264198303
5571,mare,0.18398410081863403
5572,banner,0.15107211470603943
5573,al,0.18294624984264374
5574,somalia,0.05633634328842163
5575,electoral,0.15291446447372437
5576,cows,0.15435080230236053
5577,watercolor,0.05371174216270447
5578,braille,0.11376222968101501
5579,coursework,0.1718331277370453
5580,dickens,0.06855111569166183
5581,frogs,0.192098468542099
5582,ceilings,0.09916718304157257
5583,generated,0.08328992128372192
5584,nursery,0.2072654515504837
5585,enamel,0.09210066497325897
5586,dorm,0.04122156277298927
5587,crt,0.08301828056573868
5588,alley,0.1790953427553177
5589,permits,0.18226708471775055
5590,middot,0.2163672000169754
5591,autocad,0.0975855365395546
5592,trousers,0.20422014594078064
5593,generated,0.0958167016506195
5594,swings,0.16314710676670074
5595,oman,0.19544482231140137
5596,fossil,0.20519955456256866
5597,grease,0.10488590598106384
5598,harlem,0.1296248435974121
5599,santa,0.1738969385623932
5600,pool,0.0796954482793808
5601,magnolia,0.14839120209217072
5602,pedal,0.19802461564540863
5603,flags,0.14925619959831238
5604,buildings,0.1925835907459259
5605,hedge,0.23491434752941132
5606,benches,0.24427039921283722
5607,composites,0.1713448464870453
5608,sheds,0.19238780438899994
5609,proposes,0.20233583450317383
5610,sect,0.0793064683675766
5611,ny,0.20398052036762238
5612,gazette,0.07971331477165222
5613,fur,0.10831139981746674
5614,pensacola,0.147102490067482
5615,msn,0.042664192616939545
5616,parade,0.15199889242649078
5617,saskatoon,0.2303258180618286
5618,webcams,0.07717304676771164
5619,hartley,0.18033058941364288
5620,makeup,0.15878362953662872
5621,interior,0.18436455726623535
5622,reader,0.110521100461483
5623,williamsburg,0.11130241304636002
5624,opal,0.16064463555812836
5625,apps,0.12198832631111145
5626,pipeline,0.18570539355278015
5627,indonesian,0.06026957184076309
5628,firefox,0.20430077612400055
5629,reflection,0.2689160108566284
5630,barron,0.15418429672718048
5631,table,0.15280026197433472
5632,silhouette,0.16877621412277222
5633,demolition,0.1395600587129593
5634,approves,0.10967101901769638
5635,bizjournalshire,0.15893082320690155
5636,trivium,0.07096745073795319
5637,kids,0.16764385998249054
5638,brain,0.22408613562583923
5639,tibet,0.20403613150119781
5640,claiming,0.22295071184635162
5641,barber,0.1943947672843933
5642,demanded,0.21949250996112823
5643,tattoo,0.18944546580314636
5644,janis,0.08043353259563446
5645,dialysis,0.04536492004990578
5646,sheldon,0.19539855420589447
5647,levi,0.14086616039276123
5648,hearts,0.14672593772411346
5649,palms,0.17363998293876648
5650,plants,0.18625430762767792
5651,anguilla,0.05302125960588455
5652,kiribati,0.08007225394248962
5653,premiere,0.09176647663116455
5654,tomtom,0.2121693193912506
5655,hats,0.20480459928512573
5656,coyote,0.2389575093984604
5657,stranded,0.16061706840991974
5658,citrus,0.18744635581970215
5659,horseback,0.20288808643817902
5660,bosch,0.09481346607208252
5661,profile,0.06705553829669952
5662,hedge,0.08935879170894623
5663,hopper,0.1162184625864029
5664,armada,0.17200371623039246
5665,sunlight,0.27384352684020996
5666,driveway,0.11873185634613037
5667,transistor,0.08660478889942169
5668,dunes,0.23958051204681396
5669,mudvayne,0.15199774503707886
5670,hmmm,0.1538422852754593
5671,infiniti,0.12625403702259064
5672,darts,0.11337806284427643
5673,vocabulary,0.18826112151145935
5674,logo,0.09691070765256882
5675,monterey,0.13892653584480286
5676,bloodhound,0.1059969812631607
5677,crypt,0.16302230954170227
5678,lisbon,0.1828233003616333
5679,goblet,0.15928632020950317
5680,irene,0.08741732686758041
5681,dining,0.1223425418138504
5682,pumpkin,0.19795434176921844
5683,blizzard,0.1790299117565155
5684,garrison,0.18901938199996948
5685,bracelet,0.07844985276460648
5686,britney,0.09530553221702576
5687,rendered,0.08160287141799927
5688,discounts,0.1586357057094574
5689,shaving,0.1026892438530922
5690,martinique,0.2069285362958908
5691,chocolates,0.14092214405536652
5692,sub,0.13690339028835297
5693,bat,0.18065735697746277
5694,spank,0.21250909566879272
5695,ati,0.20619016885757446
5696,pins,0.12305808812379837
5697,suites,0.19260068237781525
5698,adidas,0.15353360772132874
5699,voting,0.14393921196460724
5700,missouri,0.07017067819833755
5701,berries,0.18725837767124176
5702,latinas,0.11484915018081665
5703,organ,0.08483507484197617
5704,gown,0.12148503214120865
5705,athlete,0.1698095202445984
5706,et,0.1669115126132965
5707,magazines,0.11176571249961853
5708,balcony,0.16126590967178345
5709,anchor,0.05779053643345833
5710,film,0.11245042830705643
5711,monmouth,0.16935069859027863
5712,map,0.1784699559211731
5713,clic,0.13181637227535248
5714,ho,0.21967072784900665
5715,kiwi,0.09335874021053314
5716,campus,0.22827687859535217
5717,lion,0.21840737760066986
5718,beaver,0.12688124179840088
5719,rm,0.13149969279766083
5720,sailing,0.21682855486869812
5721,maize,0.1614718735218048
5722,fatty,0.11381459981203079
5723,decker,0.2266673445701599
5724,cloud,0.11791619658470154
5725,lag,0.2006487101316452
5726,judaism,0.09906268119812012
5727,invest,0.11854389309883118
5728,fostering,0.12198777496814728
5729,cookies,0.2652982473373413
5730,wheel,0.17373868823051453
5731,fuji,0.08466611802577972
5732,municipalities,0.08973617851734161
5733,athens,0.2186523675918579
5734,sock,0.18418343365192413
5735,views,0.07447169721126556
5736,myself,0.1016458123922348
5737,propane,0.09868155419826508
5738,concord,0.0948336124420166
5739,magician,0.059891313314437866
5740,childcare,0.20398221909999847
5741,mclaren,0.11936178803443909
5742,crowd,0.11504815518856049
5743,vermont,0.15003909170627594
5744,lohan,0.21950742602348328
5745,fossils,0.24009113013744354
5746,carpets,0.13545437157154083
5747,pin,0.13855183124542236
5748,advertising,0.08578506857156754
5749,photographs,0.10697685927152634
5750,filemaker,0.13130028545856476
5751,surfers,0.14177653193473816
5752,dozen,0.1300346702337265
5753,donkey,0.21728989481925964
5754,brands,0.1741059124469757
5755,sauna,0.10955478996038437
5756,panel,0.08580900728702545
5757,mcdonald,0.19175493717193604
5758,drawers,0.1991569697856903
5759,pray,0.1707213670015335
5760,restoration,0.12337794899940491
5761,pilates,0.06319192051887512
5762,climbing,0.06920039653778076
5763,constructor,0.2083752453327179
5764,channel,0.08172037452459335
5765,minimal,0.10167448967695236
5766,sky,0.19582267105579376
5767,tackles,0.19725699722766876
5768,batting,0.14510908722877502
5769,webcam,0.07569372653961182
5770,trapped,0.11272403597831726
5771,crete,0.21142953634262085
5772,protesters,0.1131097599864006
5773,sip,0.19500845670700073
5774,bolivia,0.08966999500989914
5775,mckinney,0.07211868464946747
5776,basement,0.10918962955474854
5777,term,0.21724092960357666
5778,ig,0.08829625695943832
5779,archery,0.08198438584804535
5780,column,0.23572281002998352
5781,macintosh,0.1196933388710022
5782,mumbai,0.18469487130641937
5783,desk,0.11372697353363037
5784,world,0.1722451001405716
5785,mci,0.12009350955486298
5786,sailor,0.07315684854984283
5787,lifting,0.15664540231227875
5788,alps,0.17413586378097534
5789,blackpool,0.15324437618255615
5790,dune,0.18054281175136566
5791,branches,0.20454493165016174
5792,dublin,0.13039161264896393
5793,turtle,0.20379623770713806
5794,onboard,0.132632777094841
5795,inks,0.13256628811359406
5796,loss,0.2737526297569275
5797,handmade,0.10842002928256989
5798,aerial,0.14383524656295776
5799,tenor,0.18616928160190582
5800,telnet,0.03551045060157776
5801,lettering,0.0949953943490982
5802,irwin,0.18596921861171722
5803,greenhouse,0.21871212124824524
5804,mta,0.16540896892547607
5805,estonia,0.10832113772630692
5806,logo,0.10397760570049286
5807,dressing,0.12006968259811401
5808,elephants,0.2050921618938446
5809,rocks,0.12999749183654785
5810,snowmobile,0.1872374564409256
5811,auditorium,0.13868525624275208
5812,dress,0.1612444818019867
5813,km,0.2358897626399994
5814,tahoe,0.17885607481002808
5815,quay,0.19286030530929565
5816,overcast,0.24426274001598358
5817,social,0.1837676763534546
5818,delhi,0.1879766583442688
5819,van,0.18168587982654572
5820,yemen,0.1492530107498169
5821,snowy,0.26355576515197754
5822,monaco,0.1725170761346817
5823,social,0.07336890697479248
5824,westlife,0.09765613079071045
5825,conditioners,0.09604570269584656
5826,lacrosse,0.13230359554290771
5827,mentors,0.16696646809577942
5828,elephants,0.20745620131492615
5829,conductivity,0.1552407592535019
5830,gibraltar,0.1594965010881424
5831,jumping,0.22096124291419983
5832,floral,0.12986226379871368
5833,theft,0.11326809227466583
5834,sky,0.20534102618694305
5835,joystick,0.12438080459833145
5836,thursday,0.1261480301618576
5837,dealership,0.12446706742048264
5838,swinging,0.08498646318912506
5839,bosch,0.07578058540821075
5840,checksum,0.1299125850200653
5841,homeowner,0.22431108355522156
5842,vectors,0.2350815236568451
5843,parfum,0.17992430925369263
5844,skiing,0.17668280005455017
5845,mouse,0.12079484015703201
5846,nightlife,0.1589111089706421
5847,size,0.11411590129137039
5848,frog,0.17637945711612701
5849,scottsdale,0.03165142610669136
5850,stalls,0.08114297688007355
5851,birds,0.19592967629432678
5852,softball,0.21427372097969055
5853,ankle,0.12249360233545303
5854,kissing,0.14450223743915558
5855,stevie,0.1628149002790451
5856,population,0.12704792618751526
5857,godsmack,0.0702730119228363
5858,viper,0.1997070014476776
5859,travelodge,0.20392411947250366
5860,unix,0.11409766972064972
5861,upskirts,0.12319279462099075
5862,durango,0.12846548855304718
5863,ecard,0.12922389805316925
5864,marilyn,0.20891258120536804
5865,worldcat,0.18812918663024902
5866,separates,0.11542391777038574
5867,sleeve,0.05825032293796539
5868,medal,0.19650599360466003
5869,webcams,0.09356670081615448
5870,waterways,0.17463356256484985
5871,meadow,0.19209443032741547
5872,reggae,0.13092398643493652
5873,curtain,0.09339579939842224
5874,backs,0.30114656686782837
5875,kijiji,0.15125872194766998
5876,audi,0.13057079911231995
5877,aerial,0.16524279117584229
5878,tees,0.16514316201210022
5879,tie,0.17639754712581635
5880,hiking,0.06539072096347809
5881,uni,0.04639720544219017
5882,keyboard,0.2086571604013443
5883,undefined,0.11462806165218353
5884,braille,0.08956525474786758
5885,backpacking,0.19505411386489868
5886,harvested,0.12888215482234955
5887,physician,0.23113776743412018
5888,radiator,0.11232481151819229
5889,turner,0.07597782462835312
5890,invitations,0.13115070760250092
5891,generated,0.11388499289751053
5892,photography,0.08475767076015472
5893,steep,0.10634608566761017
5894,percussion,0.09291254729032516
5895,ig,0.09851289540529251
5896,everquest,0.10423941910266876
5897,potatoes,0.21019598841667175
5898,shopper,0.16101618111133575
5899,robe,0.11467541754245758
5900,orbitz,0.2148507833480835
5901,yves,0.11234685033559799
5902,drought,0.11059071123600006
5903,medal,0.10453233867883682
5904,timberland,0.20656989514827728
5905,ducks,0.12775355577468872
5906,budapest,0.1471925973892212
5907,dressing,0.16867010295391083
5908,tyrosine,0.17434418201446533
5909,combining,0.20274774730205536
5910,lc,0.14787045121192932
5911,greeks,0.17827583849430084
5912,bissau,0.14861856400966644
5913,blackpool,0.1128832995891571
5914,nylon,0.0785231664776802
5915,substituted,0.09230583906173706
5916,rammstein,0.06019062548875809
5917,montreal,0.12199458479881287
5918,nitrogen,0.20761635899543762
5919,elgin,0.11925537884235382
5920,caves,0.18744874000549316
5921,irene,0.1713232398033142
5922,social,0.1097961962223053
5923,grenada,0.09602099657058716
5924,corinthians,0.07837942987680435
5925,mailbox,0.1899263709783554
5926,cherries,0.07150022685527802
5927,avon,0.21107672154903412
5928,courtroom,0.10685400664806366
5929,caregivers,0.1849164366722107
5930,dangers,0.1812468022108078
5931,imp,0.23719261586666107
5932,premiere,0.13148699700832367
5933,apples,0.2588160037994385
5934,surgeons,0.21787136793136597
5935,coffee,0.10635214298963547
5936,waters,0.17910446226596832
5937,shirt,0.1698123961687088
5938,beer,0.16700923442840576
5939,lace,0.13673710823059082
5940,railroad,0.17665813863277435
5941,telstra,0.0863475501537323
5942,hitchcock,0.19460448622703552
5943,colleagues,0.18068788945674896
5944,channel,0.16816148161888123
5945,yosemite,0.06187726557254791
5946,mute,0.08058950304985046
5947,transvestites,0.19894526898860931
5948,payne,0.1649932563304901
5949,tweed,0.1211950033903122
5950,outdoor,0.10612622648477554
5951,alprazolam,0.19336320459842682
5952,snorkeling,0.12293112277984619
5953,quilts,0.1786392331123352
5954,teddy,0.17256468534469604
5955,driveway,0.10523935407400131
5956,downstream,0.18615975975990295
5957,discharge,0.2039973884820938
5958,curly,0.1491568237543106
5959,prohibits,0.18195274472236633
5960,bakery,0.11422886699438095
5961,lafayette,0.14417830109596252
5962,astrology,0.08177950233221054
5963,noaa,0.10004124045372009
5964,social,0.10842932015657425
5965,caicos,0.21892260015010834
5966,incense,0.07984726130962372
5967,vows,0.13507722318172455
5968,nrc,0.1038738489151001
5969,zum,0.17309120297431946
5970,anchors,0.06168992817401886
5971,sub,0.15026342868804932
5972,backpack,0.24187520146369934
5973,filtered,0.14312022924423218
5974,barbecue,0.16850434243679047
5975,convince,0.2612064480781555
5976,appetite,0.12022088468074799
5977,moroccan,0.0562337227165699
5978,bookshelf,0.2479042261838913
5979,wwii,0.1380411833524704
5980,panda,0.2451617419719696
5981,topeka,0.10917405784130096
5982,peoplesoft,0.116122305393219
5983,plaque,0.175166055560112
5984,stuttgart,0.08194383978843689
5985,floral,0.08036769926548004
5986,symbols,0.11973594129085541
5987,profiles,0.16980300843715668
5988,boulder,0.19548003375530243
5989,banner,0.04297395050525665
5990,acne,0.07358589768409729
5991,baggage,0.1064896434545517
5992,rafting,0.25704196095466614
5993,krishna,0.1607285439968109
5994,nevada,0.12872198224067688
5995,lobby,0.1390082836151123
5996,gifts,0.19971001148223877
5997,charges,0.08384209871292114
5998,graphite,0.12054165452718735
5999,sub,0.0919351875782013
6000,hogtied,0.04413949325680733
6001,subtitle,0.17815682291984558
6002,trousers,0.17119354009628296
6003,trivium,0.07175740599632263
6004,climb,0.1774582415819168
6005,patio,0.18478383123874664
6006,girl,0.1846587359905243
6007,savesave,0.21438786387443542
6008,bundled,0.22501477599143982
6009,tehran,0.1516791582107544
6010,yale,0.13389992713928223
6011,irish,0.1801636964082718
6012,wiley,0.13577522337436676
6013,snorkeling,0.13864651322364807
6014,malta,0.17231789231300354
6015,greece,0.09381724894046783
6016,disclosure,0.054768338799476624
6017,evanescence,0.11437322199344635
6018,do,0.2136971354484558
6019,kiosk,0.2246505469083786
6020,generated,0.11778184771537781
6021,airplane,0.19877104461193085
6022,garrison,0.08955438435077667
6023,pier,0.11467383801937103
6024,paris,0.1496567577123642
6025,restoration,0.0954103022813797
6026,olive,0.10312996059656143
6027,grease,0.06611131876707077
6028,clic,0.11914069950580597
6029,yosemite,0.17272347211837769
6030,watercolor,0.06969975680112839
6031,ranch,0.11047794669866562
6032,medals,0.08357266336679459
6033,irene,0.09255397319793701
6034,market,0.16499042510986328
6035,laminated,0.16701418161392212
6036,hendrix,0.070597805082798
6037,sata,0.1971469521522522
6038,smugmug,0.20626136660575867
6039,these,0.177457794547081
6040,burger,0.19125160574913025
6041,nephew,0.14537277817726135
6042,necessity,0.09110912680625916
6043,alexa,0.19941958785057068
6044,inter,0.1090945154428482
6045,hopper,0.03417501226067543
6046,judaism,0.08290258795022964
6047,everest,0.20225182175636292
6048,metals,0.15920694172382355
6049,venetian,0.20241621136665344
6050,irene,0.09756478667259216
6051,hearts,0.23028145730495453
6052,aa,0.15061868727207184
6053,turbine,0.19458171725273132
6054,billboard,0.08695803582668304
6055,scarf,0.1640169769525528
6056,company,0.16705359518527985
6057,michigan,0.10826418548822403
6058,ambulance,0.12454704940319061
6059,canyon,0.15798085927963257
6060,attendees,0.08296692371368408
6061,psy,0.20842528343200684
6062,garnet,0.10273666679859161
6063,dwarf,0.15549349784851074
6064,te,0.21559010446071625
6065,walking,0.12079167366027832
6066,tattoo,0.1998043954372406
6067,dorado,0.07751520723104477
6068,clic,0.08181409537792206
6069,suited,0.18444319069385529
6070,gaza,0.19663214683532715
6071,supernatural,0.08685463666915894
6072,g,0.18332594633102417
6073,bild,0.10024511814117432
6074,steps,0.2265748530626297
6075,reading,0.2261694371700287
6076,playlists,0.12045874446630478
6077,sales,0.1584342122077942
6078,oregon,0.14622938632965088
6079,interchange,0.15349066257476807
6080,polaroid,0.14302465319633484
6081,irene,0.1580737978219986
6082,stairs,0.23618939518928528
6083,griffith,0.08936461806297302
6084,swings,0.1370576024055481
6085,gowns,0.1411762833595276
6086,attributes,0.16524195671081543
6087,brooklyn,0.17370061576366425
6088,daycare,0.16712497174739838
6089,sailing,0.20039643347263336
6090,channel,0.12200860679149628
6091,latex,0.24035406112670898
6092,berries,0.19837120175361633
6093,logs,0.20557470619678497
6094,vows,0.10855210572481155
6095,taco,0.21206682920455933
6096,pets,0.18092171847820282
6097,nyse,0.13299089670181274
6098,rabbits,0.20877543091773987
6099,leopard,0.1810009777545929
6100,franklin,0.16339898109436035
6101,tahoe,0.16396737098693848
6102,rafting,0.09547607600688934
6103,diapers,0.09383656084537506
6104,rugby,0.15703679621219635
6105,skateboarding,0.2234639972448349
6106,bedroom,0.20146147906780243
6107,electrode,0.08420461416244507
6108,exceeds,0.10508310049772263
6109,arguments,0.12150046229362488
6110,chicago,0.16324834525585175
6111,colorful,0.23957723379135132
6112,clic,0.1307271271944046
6113,social,0.10134226828813553
6114,scarface,0.0974687859416008
6115,hopper,0.10349783301353455
6116,tivo,0.0949300155043602
6117,apartment,0.14794239401817322
6118,ladder,0.08200784027576447
6119,celine,0.12219162285327911
6120,logo,0.12204451858997345
6121,hay,0.2531026005744934
6122,bissau,0.12701353430747986
6123,moroccan,0.0938822329044342
6124,charleston,0.1431789994239807
6125,metro,0.15317411720752716
6126,recipes,0.10958823561668396
6127,venice,0.21228227019309998
6128,andorra,0.16609346866607666
6129,shadows,0.07493078708648682
6130,monaco,0.15554843842983246
6131,zebra,0.13787105679512024
6132,burgundy,0.19993019104003906
6133,colours,0.18776871263980865
6134,manhattan,0.17072485387325287
6135,leather,0.11363621056079865
6136,composites,0.08548059314489365
6137,wondered,0.22634266316890717
6138,electrode,0.11342015117406845
6139,roulette,0.1789618581533432
6140,lettering,0.14379560947418213
6141,mornings,0.18608883023262024
6142,desktop,0.10515353083610535
6143,mississauga,0.12693607807159424
6144,tweed,0.12435372173786163
6145,births,0.16670925915241241
6146,rainfall,0.20051154494285583
6147,backpacking,0.138157457113266
6148,vectors,0.28849637508392334
6149,carriage,0.18884006142616272
6150,grille,0.0871327817440033
6151,font,0.06591290235519409
6152,inuyasha,0.13990715146064758
6153,patton,0.16948138177394867
6154,gazette,0.07896514981985092
6155,lettering,0.1831437200307846
6156,businessman,0.15264374017715454
6157,gravel,0.16283348202705383
6158,separates,0.10417692363262177
6159,conducting,0.13993802666664124
6160,fisherman,0.13686934113502502
6161,hopper,0.12965582311153412
6162,stakeholders,0.22577056288719177
6163,picasso,0.06623000651597977
6164,judaism,0.0278774481266737
6165,brackets,0.09117396175861359
6166,converse,0.09937190264463425
6167,camper,0.2062585949897766
6168,supernatural,0.10466961562633514
6169,greenland,0.08722872287034988
6170,iris,0.2187015414237976
6171,dmx,0.10172232985496521
6172,rapids,0.23673111200332642
6173,april,0.15975376963615417
6174,walk,0.16900280117988586
6175,british,0.19587402045726776
6176,baja,0.1769423931837082
6177,amenities,0.16417425870895386
6178,interior,0.14879442751407623
6179,hogtied,0.09149423986673355
6180,judaism,0.0635547786951065
6181,rustic,0.19137035310268402
6182,festival,0.18531100451946259
6183,valentino,0.08341913670301437
6184,legislature,0.18045154213905334
6185,undefined,0.06412534415721893
6186,stargate,0.09656739234924316
6187,sauna,0.10244150459766388
6188,cake,0.17821820080280304
6189,garlic,0.1834620237350464
6190,ribs,0.17150594294071198
6191,mo,0.1916094422340393
6192,sunrise,0.10525700449943542
6193,westlife,0.05757267773151398
6194,mudvayne,0.015941975638270378
6195,mudvayne,0.0882612094283104
6196,renee,0.1429326832294464
6197,afghanistan,0.1452513188123703
6198,milfs,0.08966513723134995
6199,roses,0.19609317183494568
6200,acrobat,0.1995607614517212
6201,font,0.17180195450782776
6202,hawaii,0.20188266038894653
6203,qc,0.08606515824794769
6204,coat,0.2099313586950302
6205,towels,0.20651684701442719
6206,nero,0.22244083881378174
6207,cannes,0.09132152795791626
6208,reggae,0.07214575260877609
6209,cpu,0.0814228281378746
6210,municipalities,0.20056988298892975
6211,richter,0.08589731156826019
6212,shorts,0.12894394993782043
6213,theaters,0.15463729202747345
6214,bedrooms,0.1484101265668869
6215,hopper,0.05918087810277939
6216,representing,0.11782628297805786
6217,touring,0.19344839453697205
6218,nerve,0.07243630290031433
6219,overlay,0.06258662790060043
6220,birds,0.23098310828208923
6221,tanned,0.12259972095489502
6222,autism,0.07485770434141159
6223,gandhi,0.13933633267879486
6224,heidelberg,0.09072436392307281
6225,film,0.09874065220355988
6226,dressing,0.19167913496494293
6227,nasa,0.19710397720336914
6228,hopper,0.1117188036441803
6229,lilies,0.08183709532022476
6230,mating,0.15822762250900269
6231,driving,0.14875218272209167
6232,thyroid,0.18799440562725067
6233,fields,0.1811293363571167
6234,saab,0.13037210702896118
6235,coldplay,0.14681103825569153
6236,vhf,0.08839230239391327
6237,blanc,0.11596349626779556
6238,stuttgart,0.13572700321674347
6239,yves,0.10728338360786438
6240,sofa,0.16423848271369934
6241,yang,0.23740343749523163
6242,emu,0.19429568946361542
6243,bookmarks,0.07315278053283691
6244,vatican,0.1668822169303894
6245,demolition,0.17016449570655823
6246,port,0.17898613214492798
6247,coil,0.17492517828941345
6248,playground,0.18269124627113342
6249,florists,0.11278588324785233
6250,baking,0.20786139369010925
6251,newsweek,0.12912748754024506
6252,expressions,0.18514394760131836
6253,snakes,0.24699144065380096
6254,organ,0.052852727472782135
6255,invented,0.04880374297499657
6256,cumshot,0.1032768189907074
6257,airlines,0.18821686506271362
6258,firearms,0.22023017704486847
6259,signs,0.2028668224811554
6260,minimal,0.07653793692588806
6261,silhouette,0.20524661242961884
6262,noir,0.11083377152681351
6263,clancy,0.17571936547756195
6264,emerald,0.21725940704345703
6265,crashing,0.12745636701583862
6266,tamil,0.0708690658211708
6267,yang,0.09774938225746155
6268,brisbane,0.1317467838525772
6269,nav,0.1680721640586853
6270,supermarkets,0.22399301826953888
6271,dashboard,0.1836550384759903
6272,justify,0.06651042401790619
6273,nightwish,0.10349667817354202
6274,driveway,0.1885240375995636
6275,jumbo,0.10720063000917435
6276,han,0.11281566321849823
6277,sinus,0.18468615412712097
6278,craigslist,0.05781635642051697
6279,vows,0.12183587998151779
6280,graphite,0.17665420472621918
6281,justify,0.15240642428398132
6282,sandwiches,0.22212255001068115
6283,dubai,0.1757200062274933
6284,schwarzenegger,0.12783053517341614
6285,bookmarks,0.12284337729215622
6286,gate,0.04747021943330765
6287,gazette,0.14748206734657288
6288,quartet,0.12602382898330688
6289,christensen,0.07024899125099182
6290,scarves,0.08641888201236725
6291,mickey,0.26702743768692017
6292,banner,0.13507354259490967
6293,dashboard,0.12372510135173798
6294,swan,0.23181316256523132
6295,deer,0.19790178537368774
6296,garrison,0.10149796307086945
6297,clerks,0.1301421821117401
6298,iu,0.08934459835290909
6299,sunflower,0.229883074760437
6300,soda,0.12910842895507812
6301,skiing,0.1648784726858139
6302,banner,0.13614174723625183
6303,emp,0.09053061902523041
6304,plaid,0.09195444732904434
6305,browns,0.10517687350511551
6306,bread,0.1437947303056717
6307,medicaid,0.07281582057476044
6308,polaroid,0.07772837579250336
6309,bathroom,0.14994870126247406
6310,victories,0.0974179059267044
6311,controls,0.08860161900520325
6312,cheerleaders,0.10470667481422424
6313,opal,0.14876654744148254
6314,artists,0.10057752579450607
6315,un,0.10541394352912903
6316,usability,0.07344289124011993
6317,inuyasha,0.1102432906627655
6318,generated,0.1981033980846405
6319,branson,0.180866539478302
6320,bulldogs,0.19431370496749878
6321,qc,0.15249669551849365
6322,bowling,0.04391911253333092
6323,car,0.17800599336624146
6324,hopper,0.08185486495494843
6325,antibody,0.08804413676261902
6326,blowjob,0.11926581710577011
6327,tucson,0.20587678253650665
6328,practices,0.16122853755950928
6329,disposable,0.1349831223487854
6330,palms,0.1945219784975052
6331,peterson,0.11318065226078033
6332,synthase,0.1177024245262146
6333,muscular,0.15184767544269562
6334,pillow,0.2045232206583023
6335,aaliyah,0.10833019018173218
6336,vendors,0.12100924551486969
6337,campaigns,0.18843665719032288
6338,insects,0.17510639131069183
6339,spongebob,0.15069593489170074
6340,guestbook,0.0577600821852684
6341,thames,0.11522118747234344
6342,gameboy,0.12098097801208496
6343,mechanism,0.18507128953933716
6344,bucket,0.19632478058338165
6345,composites,0.15779681503772736
6346,bild,0.11300449818372726
6347,watercolor,0.03471445292234421
6348,harvesting,0.17408080399036407
6349,supermarket,0.1708533763885498
6350,rear,0.09743999689817429
6351,window,0.2519545555114746
6352,proposing,0.10934222489595413
6353,map,0.06785324215888977
6354,ramps,0.18411770462989807
6355,lengthy,0.06085008755326271
6356,hedge,0.10027758032083511
6357,bermuda,0.1362772285938263
6358,moderation,0.19065064191818237
6359,jewels,0.11118149757385254
6360,ceiling,0.23745235800743103
6361,bracelet,0.1665297895669937
6362,djs,0.19367347657680511
6363,generated,0.1815013885498047
6364,scarf,0.0926499217748642
6365,patrol,0.1484776735305786
6366,champions,0.21187905967235565
6367,embroidered,0.17440474033355713
6368,hastings,0.19461877644062042
6369,web,0.11375667154788971
6370,sedona,0.08984625339508057
6371,galaxies,0.24497857689857483
6372,hopper,0.07317375391721725
6373,croatia,0.21236668527126312
6374,hopper,0.12152955681085587
6375,pottery,0.15849708020687103
6376,aniston,0.20918983221054077
6377,ideas,0.18156078457832336
6378,vr,0.18848171830177307
6379,legs,0.19585633277893066
6380,justify,0.0492594912648201
6381,pointe,0.1934918612241745
6382,managerial,0.1739455610513687
6383,road,0.19978858530521393
6384,aquarium,0.09648346155881882
6385,illicit,0.23377551138401031
6386,aluminum,0.021660462021827698
6387,seafood,0.16564984619617462
6388,brochures,0.08334985375404358
6389,plaque,0.11582469195127487
6390,sauna,0.12037859857082367
6391,genie,0.17517508566379547
6392,nautical,0.11357414722442627
6393,rainforest,0.1805916130542755
6394,chicken,0.18327699601650238
6395,plaques,0.10025312006473541
6396,reflected,0.03205832466483116
6397,yellowstone,0.1761673241853714
6398,hogtied,0.06790246814489365
6399,openings,0.2130676954984665
6400,dublin,0.14927510917186737
6401,bookmarks,0.11338511854410172
6402,generated,0.13132749497890472
6403,parents,0.11396832019090652
6404,slut,0.23759299516677856
6405,fireplace,0.12064501643180847
6406,acne,0.11568770557641983
6407,arabidopsis,0.04302196949720383
6408,ecuador,0.09560789912939072
6409,permitted,0.035908252000808716
6410,serious,0.18868419528007507
6411,mgm,0.12375514209270477
6412,inherited,0.20781181752681732
6413,exterior,0.15000487864017487
6414,taipei,0.07561551779508591
6415,plantronics,0.11083177477121353
6416,edits,0.1402420550584793
6417,mauritius,0.12575717270374298
6418,happier,0.2083314061164856
6419,logs,0.1854356825351715
6420,geometric,0.19124041497707367
6421,electrode,0.216304212808609
6422,cigar,0.1901734173297882
6423,surfer,0.22076529264450073
6424,marquette,0.024015311151742935
6425,tree,0.15062426030635834
6426,stargate,0.1899048388004303
6427,cruise,0.14351235330104828
6428,comet,0.19058600068092346
6429,tahoe,0.10897968709468842
6430,proactive,0.16096502542495728
6431,magazines,0.08691537380218506
6432,invented,0.12943440675735474
6433,iriver,0.16085024178028107
6434,pak,0.13900607824325562
6435,charleston,0.12375657260417938
6436,volleyball,0.2391682267189026
6437,moc,0.12532177567481995
6438,trio,0.2928962707519531
6439,apples,0.13493774831295013
6440,playlists,0.09356894344091415
6441,lamps,0.1931670606136322
6442,redesign,0.09172750264406204
6443,cakes,0.17864273488521576
6444,swelling,0.13860535621643066
6445,cumshot,0.1183323860168457
6446,handbag,0.15240612626075745
6447,hopper,0.15184453129768372
6448,karate,0.1544601321220398
6449,emu,0.25849178433418274
6450,advertisement,0.10298074781894684
6451,docs,0.12022353708744049
6452,beirut,0.08614570647478104
6453,premiere,0.10128550231456757
6454,watertown,0.09296465665102005
6455,nerve,0.18424968421459198
6456,bild,0.040687888860702515
6457,bootstrap,0.05678869038820267
6458,ducks,0.181257426738739
6459,sitting,0.2955872118473053
6460,bbw,0.10764342546463013
6461,firefighter,0.19482985138893127
6462,outdoors,0.10058902204036713
6463,surveyors,0.10119801759719849
6464,attraction,0.13911230862140656
6465,arabidopsis,0.088771753013134
6466,cocktails,0.16349560022354126
6467,altar,0.07070575654506683
6468,dessert,0.08606064319610596
6469,climbing,0.18545110523700714
6470,florence,0.18559210002422333
6471,lipstick,0.1273413449525833
6472,macau,0.1733071506023407
6473,hopper,0.061019472777843475
6474,mccartney,0.22121021151542664
6475,bookstores,0.16854168474674225
6476,christi,0.0931607335805893
6477,shadows,0.19740065932273865
6478,robe,0.10941680520772934
6479,dmoz,0.06714082509279251
6480,airport,0.17794008553028107
6481,mumbai,0.12846435606479645
6482,clic,0.10198882222175598
6483,huskies,0.24161332845687866
6484,fittings,0.03872179985046387
6485,ramps,0.09701050817966461
6486,bark,0.13961197435855865
6487,pedestrian,0.12057648599147797
6488,alienware,0.04244140163064003
6489,baskets,0.21275170147418976
6490,silva,0.08519228547811508
6491,plantronics,0.13250315189361572
6492,sunday,0.13357993960380554
6493,aruba,0.11801953613758087
6494,buckingham,0.09224183857440948
6495,safari,0.19125615060329437
6496,communion,0.11697446554899216
6497,pier,0.19557547569274902
6498,restaurant,0.22247937321662903
6499,uploading,0.10562404990196228
6500,premiere,0.12344099581241608
6501,vehicles,0.14945447444915771
6502,webcam,0.15177451074123383
6503,waco,0.11436188220977783
6504,haas,0.15246567130088806
6505,blizzard,0.1949615478515625
6506,cartoons,0.11184682697057724
6507,scanned,0.12115408480167389
6508,tiffany,0.057536445558071136
6509,sublimedirectory,0.18386077880859375
6510,engaged,0.16974861919879913
6511,colors,0.22850343585014343
6512,eyes,0.26805195212364197
6513,pas,0.18710364401340485
6514,web,0.1277017742395401
6515,statute,0.11967921257019043
6516,people,0.15001219511032104
6517,judaism,0.04532908275723457
6518,spaghetti,0.1991034746170044
6519,gazette,0.15377101302146912
6520,bricks,0.21441128849983215
6521,bedroom,0.2351619303226471
6522,header,0.09147916734218597
6523,cursed,0.05978412181138992
6524,olds,0.21056070923805237
6525,rockwell,0.09303624927997589
6526,blizzard,0.1877579540014267
6527,eminem,0.1584167331457138
6528,necklaces,0.31931135058403015
6529,curling,0.10955668985843658
6530,roadmap,0.13321520388126373
6531,pools,0.127886563539505
6532,jams,0.14826592803001404
6533,quiz,0.1518925130367279
6534,amortization,0.09743475914001465
6535,ditch,0.14675503969192505
6536,websites,0.17553073167800903
6537,shelving,0.21258078515529633
6538,cake,0.1475757211446762
6539,succeed,0.18630057573318481
6540,myanmar,0.13190069794654846
6541,dentistry,0.21086008846759796
6542,tendency,0.28272536396980286
6543,performing,0.13751299679279327
6544,creed,0.11832103133201599
6545,beverages,0.17777740955352783
6546,tractor,0.21292977035045624
6547,rihanna,0.12334069609642029
6548,windows,0.1186273843050003
6549,locker,0.22719109058380127
6550,forte,0.07014158368110657
6551,kernels,0.10540556907653809
6552,istanbul,0.19428905844688416
6553,fittings,0.08913864195346832
6554,rhino,0.14780709147453308
6555,blamed,0.11374741047620773
6556,vermont,0.10594815015792847
6557,undefined,0.09754637628793716
6558,vincent,0.12610982358455658
6559,specials,0.1775200366973877
6560,janis,0.1600283980369568
6561,micronesia,0.22604680061340332
6562,trish,0.06931614875793457
6563,banff,0.18022754788398743
6564,festival,0.167865589261055
6565,loch,0.18231280148029327
6566,auditions,0.16116252541542053
6567,pine,0.2302069365978241
6568,niagara,0.23106542229652405
6569,incest,0.12484917044639587
6570,passport,0.1813812106847763
6571,clouds,0.16821476817131042
6572,muscular,0.1919647753238678
6573,fernando,0.15706494450569153
6574,sophomore,0.1379861831665039
6575,planting,0.1877187192440033
6576,charcoal,0.11496441811323166
6577,rwanda,0.13094045221805573
6578,stitch,0.03765745088458061
6579,add,0.16126707196235657
6580,samoa,0.15335673093795776
6581,posterior,0.140996053814888
6582,rem,0.09473611414432526
6583,outkast,0.08617885410785675
6584,kyoto,0.06753189861774445
6585,lubbock,0.19443827867507935
6586,trivium,0.09460043162107468
6587,metals,0.051063671708106995
6588,rose,0.21489502489566803
6589,slipknot,0.08996744453907013
6590,cabinet,0.20243825018405914
6591,spotlight,0.12206833809614182
6592,purdue,0.1256723701953888
6593,macintosh,0.13628675043582916
6594,insects,0.18746769428253174
6595,roxy,0.19399447739124298
6596,svalbard,0.19446825981140137
6597,sauna,0.07390902191400528
6598,need,0.07120130956172943
6599,books,0.22419491410255432
6600,rugby,0.20010681450366974
6601,clearwater,0.20295491814613342
6602,eyes,0.1946839839220047
6603,tuscany,0.039608925580978394
6604,sulphur,0.1357458084821701
6605,shopper,0.21927745640277863
6606,lipstick,0.1610369086265564
6607,engadget,0.09726151823997498
6608,generated,0.12777014076709747
6609,dancer,0.16654808819293976
6610,fireworks,0.1976998895406723
6611,dancing,0.14876627922058105
6612,travestis,0.16759788990020752
6613,grams,0.15610110759735107
6614,stanford,0.07883311063051224
6615,georgetown,0.09450672566890717
6616,raphael,0.08338866382837296
6617,fireplace,0.20607155561447144
6618,woes,0.07306335121393204
6619,counter,0.101981520652771
6620,brackets,0.08967820554971695
6621,lisbon,0.07420936226844788
6622,skincare,0.11918845772743225
6623,altar,0.1436019241809845
6624,exhibition,0.05739925801753998
6625,dreamcast,0.0921534076333046
6626,fountain,0.1858789324760437
6627,kite,0.06067433953285217
6628,audrey,0.18804369866847992
6629,hearts,0.17751987278461456
6630,stormwater,0.22328482568264008
6631,lob,0.21524915099143982
6632,nam,0.06997464597225189
6633,grass,0.1422295868396759
6634,sedona,0.11070588231086731
6635,bedroom,0.18932852149009705
6636,profile,0.1245841532945633
6637,envelope,0.095941923558712
6638,yosemite,0.0879964530467987
6639,suited,0.153315007686615
6640,ham,0.15972504019737244
6641,performing,0.12713521718978882
6642,wayne,0.07213114947080612
6643,composites,0.08677197247743607
6644,red,0.2839125990867615
6645,eminem,0.12975606322288513
6646,symmetry,0.14551874995231628
6647,gladly,0.09247595071792603
6648,nudes,0.12955795228481293
6649,moroccan,0.017750024795532227
6650,macintosh,0.11509068310260773
6651,flags,0.193433478474617
6652,hogtied,0.06939764320850372
6653,cathy,0.04586893320083618
6654,canterbury,0.20056617259979248
6655,duluth,0.1445288360118866
6656,rammstein,0.0766189768910408
6657,terminator,0.08433588594198227
6658,heels,0.18194876611232758
6659,headphone,0.10013166069984436
6660,blackpool,0.14215527474880219
6661,sofas,0.21384377777576447
6662,heads,0.21185016632080078
6663,aston,0.17051756381988525
6664,villages,0.14782395958900452
6665,emu,0.12685589492321014
6666,unicef,0.13123466074466705
6667,thigh,0.166838139295578
6668,networking,0.07977773249149323
6669,replica,0.06289995461702347
6670,underoath,0.09994642436504364
6671,radisson,0.14833223819732666
6672,selfish,0.11356912553310394
6673,robot,0.181608647108078
6674,veto,0.18663538992404938
6675,quartet,0.229087695479393
6676,social,0.0891997441649437
6677,joanna,0.233257457613945
6678,antennas,0.08280877768993378
6679,aquarium,0.1724962443113327
6680,karaoke,0.14624427258968353
6681,compartment,0.19107413291931152
6682,invitations,0.17686474323272705
6683,audioslave,0.21962907910346985
6684,powerpoint,0.13402947783470154
6685,banner,0.10788083076477051
6686,gamefaqs,0.03187790513038635
6687,runway,0.19707494974136353
6688,offices,0.1392982304096222
6689,cannes,0.1448494791984558
6690,chevelle,0.11799954622983932
6691,woes,0.11239057779312134
6692,cake,0.17615298926830292
6693,jeep,0.21178102493286133
6694,ciara,0.2338496595621109
6695,audioslave,0.08956250548362732
6696,disclosure,0.10939906537532806
6697,ariel,0.15722541511058807
6698,advises,0.16222606599330902
6699,dysfunction,0.06951142847537994
6700,fudge,0.18185143172740936
6701,flooded,0.2062237411737442
6702,charmed,0.08713403344154358
6703,widgets,0.1290125548839569
6704,msn,0.10528261959552765
6705,turtle,0.14254891872406006
6706,blue,0.13118737936019897
6707,sleeve,0.1427011340856552
6708,yacht,0.15500997006893158
6709,cottage,0.12149292230606079
6710,beach,0.15853694081306458
6711,regents,0.053750962018966675
6712,film,0.07418225705623627
6713,hiking,0.16914711892604828
6714,astrophysics,0.18786364793777466
6715,freshwater,0.21551372110843658
6716,duluth,0.12453749775886536
6717,driveway,0.12869775295257568
6718,ramsey,0.15256023406982422
6719,basketball,0.18312141299247742
6720,mongolia,0.18670842051506042
6721,telecoms,0.17292484641075134
6722,propane,0.07098810374736786
6723,bild,0.10976292192935944
6724,jewelry,0.18374228477478027
6725,boxing,0.2163204848766327
6726,red,0.20983439683914185
6727,loft,0.09017826616764069
6728,afghanistan,0.24260997772216797
6729,chesterfield,0.0861569494009018
6730,dunes,0.11193263530731201
6731,ornament,0.15766948461532593
6732,nunavut,0.054007094353437424
6733,generated,0.10307411849498749
6734,transistor,0.07727015763521194
6735,poised,0.10018514096736908
6736,smartphone,0.13181346654891968
6737,swimwear,0.17987455427646637
6738,tokelau,0.14194315671920776
6739,aquarium,0.18480512499809265
6740,animals,0.15927156805992126
6741,absorption,0.219014972448349
6742,nissan,0.11762738227844238
6743,panel,0.14329740405082703
6744,rm,0.10700462758541107
6745,sand,0.15802375972270966
6746,gals,0.16815224289894104
6747,wellington,0.13957875967025757
6748,permitted,0.0614272765815258
6749,desserts,0.128805473446846
6750,dysfunction,0.13129247725009918
6751,vodafone,0.20640255510807037
6752,infant,0.20059028267860413
6753,fathers,0.23712250590324402
6754,reserved,0.1334129422903061
6755,blanc,0.0983014777302742
6756,strawberry,0.19854098558425903
6757,packers,0.14694812893867493
6758,arranged,0.0548492968082428
6759,entrance,0.14613401889801025
6760,basil,0.12323196232318878
6761,pasta,0.20021754503250122
6762,mandarin,0.051601216197013855
6763,nursery,0.08111793547868729
6764,laundering,0.09964572638273239
6765,sweaters,0.1901671290397644
6766,classmates,0.10824480652809143
6767,tempe,0.21400333940982819
6768,rosa,0.11949370801448822
6769,softcover,0.04189959168434143
6770,nigerian,0.06186138838529587
6771,derbyshire,0.1592387706041336
6772,fur,0.2219218909740448
6773,celebrated,0.19341981410980225
6774,nails,0.1884506791830063
6775,hearts,0.20204611122608185
6776,moldova,0.14623284339904785
6777,birthdays,0.18654808402061462
6778,prada,0.1857009381055832
6779,aerial,0.12926939129829407
6780,generated,0.09851004183292389
6781,jedi,0.12547439336776733
6782,relies,0.2150782346725464
6783,dresses,0.19859842956066132
6784,homepage,0.09744325280189514
6785,laundry,0.09276916086673737
6786,proposes,0.10622216016054153
6787,laptop,0.1670955866575241
6788,barr,0.19921699166297913
6789,black,0.14171186089515686
6790,seals,0.11354613304138184
6791,forehead,0.13914114236831665
6792,map,0.10286669433116913
6793,golfers,0.1575324684381485
6794,casualties,0.11273281276226044
6795,finland,0.20885801315307617
6796,decorations,0.20529313385486603
6797,maltese,0.0899791568517685
6798,rainforest,0.18505991995334625
6799,bloody,0.1839776337146759
6800,bild,0.11553414911031723
6801,stoves,0.11220211535692215
6802,contributors,0.09228846430778503
6803,epinions,0.12324841320514679
6804,accelerator,0.07841856777667999
6805,newfoundland,0.14319056272506714
6806,kissimmee,0.1325688362121582
6807,apple,0.22377827763557434
6808,hogtied,0.13491997122764587
6809,qc,0.08409212529659271
6810,energies,0.11237015575170517
6811,clip,0.09680826961994171
6812,mgmt,0.12646497786045074
6813,happily,0.1576346606016159
6814,suites,0.20415836572647095
6815,geisha,0.18583129346370697
6816,flowers,0.1323447823524475
6817,hyderabad,0.12248896062374115
6818,andorra,0.16072119772434235
6819,paige,0.1308038979768753
6820,rocky,0.12414198368787766
6821,garrison,0.12053520977497101
6822,orchestra,0.14473694562911987
6823,bridges,0.18389132618904114
6824,photoshop,0.17136532068252563
6825,vases,0.0765521451830864
6826,luxurious,0.15135784447193146
6827,memorial,0.15501317381858826
6828,coldplay,0.08762918412685394
6829,cavity,0.14479917287826538
6830,fishing,0.07380297780036926
6831,garrison,0.11348308622837067
6832,nairobi,0.1318337470293045
6833,islam,0.20132288336753845
6834,restoration,0.08619895577430725
6835,brides,0.19273847341537476
6836,magnolia,0.12122156471014023
6837,floral,0.13072966039180756
6838,interchange,0.18089057505130768
6839,playground,0.19779841601848602
6840,logo,0.07765069603919983
6841,siena,0.21878309547901154
6842,legs,0.24497422575950623
6843,male,0.15706735849380493
6844,procedural,0.12231145799160004
6845,businessman,0.12770068645477295
6846,spikes,0.15825562179088593
6847,habit,0.09188441932201385
6848,pumpkin,0.13760632276535034
6849,dog,0.1778184175491333
6850,hogtied,0.13065433502197266
6851,rice,0.21967358887195587
6852,albanian,0.12422282993793488
6853,botswana,0.17139798402786255
6854,shuttle,0.18797260522842407
6855,informs,0.04352159798145294
6856,desktops,0.0938669964671135
6857,social,0.11387327313423157
6858,bulgarian,0.17030291259288788
6859,sedona,0.10281063616275787
6860,dc,0.16687270998954773
6861,katy,0.16876833140850067
6862,picasso,0.07364702224731445
6863,denim,0.1627548635005951
6864,grease,0.10731177031993866
6865,insects,0.18877188861370087
6866,microphone,0.07956971973180771
6867,villages,0.1438235491514206
6868,jasmine,0.12110766023397446
6869,popcorn,0.19748061895370483
6870,tennessee,0.21272987127304077
6871,map,0.1519097238779068
6872,restoration,0.15949282050132751
6873,yellowstone,0.07444129884243011
6874,emoticons,0.22604911029338837
6875,fields,0.21657896041870117
6876,daewoo,0.08595036715269089
6877,cliffs,0.15266896784305573
6878,quarterback,0.14286932349205017
6879,feast,0.10306829959154129
6880,darkness,0.10271212458610535
6881,hogtied,0.035336293280124664
6882,santa,0.1961340606212616
6883,tights,0.2279159426689148
6884,garrison,0.16530495882034302
6885,evaluations,0.12825796008110046
6886,intersection,0.11161357164382935
6887,love,0.185004323720932
6888,desserts,0.13114382326602936
6889,minimal,0.1707281768321991
6890,ecard,0.07382489740848541
6891,brown,0.21953153610229492
6892,rugby,0.13986775279045105
6893,santa,0.13999280333518982
6894,pic,0.16253626346588135
6895,carmel,0.06088312342762947
6896,coat,0.26801151037216187
6897,trivium,0.12792843580245972
6898,couch,0.12941503524780273
6899,theo,0.11754798889160156
6900,duo,0.22770531475543976
6901,speeches,0.1189936101436615
6902,namibia,0.20804503560066223
6903,premiere,0.10494792461395264
6904,paintball,0.14943453669548035
6905,habit,0.110441654920578
6906,clic,0.15884563326835632
6907,bridge,0.1532961130142212
6908,hides,0.020112089812755585
6909,skiing,0.03379305079579353
6910,screws,0.13573449850082397
6911,ore,0.08165264129638672
6912,hoops,0.18751591444015503
6913,enduring,0.23152059316635132
6914,katrina,0.12976744771003723
6915,exit,0.2058810293674469
6916,leica,0.14456306397914886
6917,carpet,0.08417437970638275
6918,vanuatu,0.08562245965003967
6919,nightlife,0.14713259041309357
6920,exhibition,0.09279066324234009
6921,faroe,0.06652207672595978
6922,clic,0.08475460857152939
6923,garrison,0.14342625439167023
6924,cumshot,0.09578680992126465
6925,irene,0.12255339324474335
6926,newborn,0.16288791596889496
6927,hannover,0.16956111788749695
6928,indemnity,0.049541667103767395
6929,fence,0.2065354287624359
6930,otter,0.13501188158988953
6931,theo,0.1709105521440506
6932,judaism,0.05303896591067314
6933,luxembourg,0.1971275508403778
6934,aix,0.08075851202011108
6935,adolescent,0.11218170821666718
6936,balcony,0.0831093117594719
6937,interchange,0.07037929445505142
6938,grease,0.05341418460011482
6939,botswana,0.17680218815803528
6940,billboard,0.06461949646472931
6941,benedict,0.15377464890480042
6942,docs,0.08198242634534836
6943,textile,0.1979459822177887
6944,kurdish,0.18469001352787018
6945,wimbledon,0.17267046868801117
6946,fencing,0.07652610540390015
6947,fiberglass,0.12872114777565002
6948,venom,0.13356277346611023
6949,kangaroo,0.23640236258506775
6950,beatles,0.06951954215765
6951,frequencies,0.20132984220981598
6952,stargate,0.05741582065820694
6953,kyrgyzstan,0.07706800103187561
6954,biking,0.2581597566604614
6955,tetris,0.1381157487630844
6956,generated,0.17342546582221985
6957,agricultural,0.1611092984676361
6958,bild,0.05742979794740677
6959,jigsaw,0.07575110346078873
6960,floral,0.1437908113002777
6961,webcam,0.092717245221138
6962,logo,0.14314796030521393
6963,grass,0.21490956842899323
6964,archery,0.11786782741546631
6965,guideline,0.10852237790822983
6966,burkina,0.07507821917533875
6967,meditation,0.23335623741149902
6968,altar,0.1517292559146881
6969,grandparents,0.11728867888450623
6970,mini,0.15204614400863647
6971,grease,0.06847615540027618
6972,motors,0.19991998374462128
6973,trousers,0.23825857043266296
6974,boating,0.14598366618156433
6975,ibis,0.221294105052948
6976,banner,0.12721240520477295
6977,puppies,0.21559031307697296
6978,usable,0.09752034395933151
6979,python,0.16209310293197632
6980,dresser,0.20891259610652924
6981,population,0.15022960305213928
6982,channel,0.08825656771659851
6983,cake,0.17850317060947418
6984,peggy,0.1924595832824707
6985,maldives,0.049676161259412766
6986,homeowners,0.08285611867904663
6987,sweatshirt,0.13862724602222443
6988,tomb,0.05122559145092964
6989,shorts,0.16961273550987244
6990,misplace,0.17892929911613464
6991,bangor,0.12763072550296783
6992,negative,0.16908371448516846
6993,patterns,0.11556968837976456
6994,compost,0.07896393537521362
6995,hat,0.20425128936767578
6996,bosch,0.134315624833107
6997,zoology,0.2610001266002655
6998,banner,0.1117548793554306
6999,banks,0.19761821627616882
7000,joanna,0.16763809323310852
7001,generated,0.06949816644191742
7002,handbag,0.2392532080411911
7003,lawn,0.16789329051971436
7004,acne,0.09259755164384842
7005,liechtenstein,0.22931571304798126
7006,arrests,0.17921781539916992
7007,seamless,0.18399475514888763
7008,sedona,0.13098987936973572
7009,dysfunction,0.10518510639667511
7010,rocky,0.10264736413955688
7011,denim,0.17739424109458923
7012,graduates,0.23666122555732727
7013,athens,0.19319958984851837
7014,clinton,0.08930997550487518
7015,aphrodite,0.10305555909872055
7016,figs,0.14960920810699463
7017,watches,0.20028670132160187
7018,blair,0.14711038768291473
7019,trays,0.11827392876148224
7020,inks,0.1935441493988037
7021,supernatural,0.09128964692354202
7022,iu,0.012392280623316765
7023,escort,0.2152123749256134
7024,samoa,0.08846068382263184
7025,flags,0.20912162959575653
7026,downing,0.09969930350780487
7027,scarves,0.1000869944691658
7028,intersection,0.22183743119239807
7029,saab,0.0842452198266983
7030,habit,0.05968435853719711
7031,bedrooms,0.20976978540420532
7032,pianist,0.1734159141778946
7033,nights,0.17603492736816406
7034,birthdays,0.09868921339511871
7035,iu,0.09389995038509369
7036,brunette,0.12265834212303162
7037,horseback,0.1996733546257019
7038,weddings,0.18603195250034332
7039,segregation,0.12256108224391937
7040,weymouth,0.1374347060918808
7041,textbook,0.09592680633068085
7042,crowd,0.18553116917610168
7043,patriotic,0.21502487361431122
7044,phone,0.17818574607372284
7045,martial,0.2117115706205368
7046,dune,0.05316171795129776
7047,maxim,0.17213135957717896
7048,ftp,0.05942991003394127
7049,social,0.12514501810073853
7050,citrix,0.21070879697799683
7051,arxiv,0.0629299059510231
7052,vows,0.12028075009584427
7053,mona,0.15457245707511902
7054,ada,0.2095799297094345
7055,sedona,0.186489537358284
7056,florist,0.17419937252998352
7057,pile,0.07652488350868225
7058,gorillaz,0.056958071887493134
7059,bonsai,0.04628851264715195
7060,laos,0.18927180767059326
7061,spongebob,0.14372049272060394
7062,chair,0.15947407484054565
7063,nelly,0.09012684226036072
7064,crete,0.11800919473171234
7065,outkast,0.12018904834985733
7066,gamefaqs,0.10015556216239929
7067,baseball,0.1909579485654831
7068,discussions,0.06328730285167694
7069,bread,0.16534104943275452
7070,defence,0.1310771256685257
7071,insects,0.2348092794418335
7072,classroom,0.1209898293018341
7073,cousins,0.15637798607349396
7074,schwarzenegger,0.07162845134735107
7075,quart,0.1921267956495285
7076,generated,0.13190282881259918
7077,casserole,0.13498255610466003
7078,dusk,0.19294705986976624
7079,team,0.11239825934171677
7080,meadow,0.2291007936000824
7081,mongolia,0.20144566893577576
7082,submarine,0.14007176458835602
7083,chateau,0.11335964500904083
7084,quartet,0.11067268252372742
7085,enb,0.16914784908294678
7086,handbag,0.2015717625617981
7087,dress,0.18087512254714966
7088,salzburg,0.29164552688598633
7089,acupuncture,0.11658605188131332
7090,blondes,0.1500633955001831
7091,businessman,0.14620797336101532
7092,giovanni,0.11291944980621338
7093,trousers,0.0955350250005722
7094,ucla,0.17254897952079773
7095,vests,0.19479867815971375
7096,muller,0.19613024592399597
7097,onions,0.09246718883514404
7098,irene,0.06733539700508118
7099,rihanna,0.18962723016738892
7100,kiribati,0.19700407981872559
7101,desserts,0.08380529284477234
7102,tubing,0.1386137455701828
7103,raphael,0.08140292018651962
7104,eclipse,0.11439825594425201
7105,chopped,0.10674827545881271
7106,shell,0.20075781643390656
7107,rain,0.24077191948890686
7108,glassware,0.20584793388843536
7109,sunflower,0.21608486771583557
7110,cavalry,0.22889751195907593
7111,followers,0.12879785895347595
7112,incest,0.158672034740448
7113,snooker,0.11331842094659805
7114,laptops,0.19363322854042053
7115,castle,0.15361373126506805
7116,graphite,0.08147048205137253
7117,weighing,0.09255363047122955
7118,dorm,0.1433240920305252
7119,opening,0.18470321595668793
7120,exemptions,0.11048027873039246
7121,canadian,0.18020041286945343
7122,sausage,0.19155937433242798
7123,venom,0.1287224143743515
7124,zebra,0.2372089922428131
7125,shelves,0.1865687072277069
7126,hastings,0.25858670473098755
7127,courtyard,0.07977446913719177
7128,lendingtree,0.13851049542427063
7129,rubber,0.10053163766860962
7130,boys,0.10868476331233978
7131,undefined,0.16505900025367737
7132,oscar,0.12427324056625366
7133,stayed,0.2228448987007141
7134,dozen,0.18503443896770477
7135,bookstores,0.18186086416244507
7136,salzburg,0.18377785384655
7137,eye,0.20483753085136414
7138,photographers,0.20025500655174255
7139,nails,0.20457737147808075
7140,stickers,0.1101515144109726
7141,humanitarian,0.10502476990222931
7142,caution,0.21222364902496338
7143,courtyard,0.1195790097117424
7144,blk,0.11821110546588898
7145,foil,0.09421572834253311
7146,shells,0.14723658561706543
7147,skirt,0.2751120626926422
7148,birds,0.1935732513666153
7149,driving,0.1898336559534073
7150,arnold,0.1749085783958435
7151,bracelets,0.18924540281295776
7152,judaism,0.06415539979934692
7153,dressing,0.10873794555664062
7154,taxable,0.20521727204322815
7155,yves,0.07578103989362717
7156,pines,0.19602090120315552
7157,volleyball,0.1902863085269928
7158,mahogany,0.07063758373260498
7159,pile,0.07778371870517731
7160,cayman,0.0952540934085846
7161,pets,0.16576510667800903
7162,tips,0.134266197681427
7163,bride,0.12324481457471848
7164,channels,0.12394494563341141
7165,services,0.19467021524906158
7166,delphi,0.1942291110754013
7167,florists,0.20058155059814453
7168,charleston,0.09784456342458725
7169,potatoes,0.20223960280418396
7170,flexibility,0.20160360634326935
7171,newborn,0.16129188239574432
7172,annuity,0.07672774791717529
7173,chromatography,0.04971743002533913
7174,silver,0.10824774205684662
7175,rack,0.16818349063396454
7176,stroller,0.14987711608409882
7177,lobby,0.17073509097099304
7178,seether,0.18201899528503418
7179,agricultural,0.18504290282726288
7180,marathon,0.14107978343963623
7181,relaxation,0.12912753224372864
7182,wheat,0.11896798014640808
7183,generated,0.052773699164390564
7184,uploading,0.06987901777029037
7185,fencing,0.20471489429473877
7186,moroccan,0.11457063257694244
7187,social,0.12227135896682739
7188,pink,0.3536423146724701
7189,neon,0.24945291876792908
7190,traders,0.07866065204143524
7191,watercolor,0.15439118444919586
7192,swamp,0.1848355382680893
7193,incense,0.07112997025251389
7194,diploma,0.1132865771651268
7195,transporting,0.13704366981983185
7196,july,0.12919899821281433
7197,canoe,0.21093833446502686
7198,violin,0.19190146028995514
7199,witch,0.19043603539466858
7200,curling,0.07769632339477539
7201,offered,0.11233257502317429
7202,offices,0.1921319216489792
7203,details,0.10033735632896423
7204,moss,0.2089950293302536
7205,social,0.18182587623596191
7206,utilities,0.2045694887638092
7207,supernatural,0.14291912317276
7208,yellowstone,0.09756986796855927
7209,rustic,0.11437481641769409
7210,qc,0.1197839081287384
7211,supernatural,0.03959380462765694
7212,marquette,0.08118777722120285
7213,manhattan,0.11841707676649094
7214,render,0.1677761971950531
7215,gprs,0.11630237847566605
7216,dome,0.16437681019306183
7217,saturn,0.07182693481445312
7218,asus,0.11900075525045395
7219,leigh,0.08698997646570206
7220,mug,0.18407735228538513
7221,charcoal,0.11709204316139221
7222,tapestry,0.18917785584926605
7223,penguins,0.22415971755981445
7224,iu,0.1061750054359436
7225,families,0.16806147992610931
7226,broccoli,0.1732615828514099
7227,premiere,0.19381357729434967
7228,benedict,0.17372258007526398
7229,carp,0.05944862216711044
7230,sauces,0.11017784476280212
7231,sub,0.13056565821170807
7232,perfume,0.1648503988981247
7233,buffy,0.12637817859649658
7234,quarterback,0.1176711693406105
7235,snorkeling,0.19594240188598633
7236,glassware,0.17700500786304474
7237,charges,0.009389196522533894
7238,garrison,0.12319573014974594
7239,yves,0.16718493402004242
7240,nope,0.0003936374559998512
7241,proposing,0.1263454258441925
7242,turbine,0.12106446921825409
7243,duluth,0.1271955370903015
7244,invitations,0.21098032593727112
7245,funeral,0.12335708737373352
7246,obituary,0.08597970753908157
7247,orchestra,0.20266537368297577
7248,ladder,0.07765430212020874
7249,railways,0.19923332333564758
7250,moc,0.05768556147813797
7251,hugs,0.16330581903457642
7252,osaka,0.07067163288593292
7253,worldcat,0.16721339523792267
7254,drainage,0.18860337138175964
7255,pier,0.1869005560874939
7256,florence,0.08495774865150452
7257,charges,0.0806865468621254
7258,market,0.16732807457447052
7259,soccer,0.18113651871681213
7260,premiere,0.14287835359573364
7261,equestrian,0.12937532365322113
7262,lattice,0.1219043880701065
7263,santa,0.17624495923519135
7264,beatles,0.12320759892463684
7265,kauai,0.16141782701015472
7266,section,0.12943784892559052
7267,whistler,0.09503227472305298
7268,kayak,0.09399700164794922
7269,veterinary,0.18563590943813324
7270,landscaping,0.1063554584980011
7271,vincent,0.07410351932048798
7272,offerings,0.11860430240631104
7273,pottery,0.09490831941366196
7274,stool,0.0951107069849968
7275,cookie,0.16911816596984863
7276,dining,0.22323572635650635
7277,chevelle,0.1283283233642578
7278,balloons,0.061265621334314346
7279,nero,0.03202644735574722
7280,karate,0.2056373655796051
7281,numerical,0.15484462678432465
7282,clerks,0.06388137489557266
7283,hopper,0.14822643995285034
7284,coats,0.18926990032196045
7285,aphrodite,0.13664907217025757
7286,landscape,0.15832358598709106
7287,skincare,0.12651187181472778
7288,neptune,0.08098334819078445
7289,ordinator,0.09581749886274338
7290,filmed,0.08621908724308014
7291,fig,0.1089468002319336
7292,clic,0.09166662395000458
7293,razr,0.0702129453420639
7294,homeowners,0.18650634586811066
7295,affiliate,0.12106302380561829
7296,cheerleader,0.16982339322566986
7297,red,0.2508222758769989
7298,la,0.10754290223121643
7299,boeing,0.13597115874290466
7300,mississauga,0.130020871758461
7301,gif,0.12589500844478607
7302,jasmine,0.21686062216758728
7303,belize,0.10113352537155151
7304,galaxy,0.16343693435192108
7305,flagstaff,0.17674165964126587
7306,mississauga,0.06569670140743256
7307,radiator,0.17875361442565918
7308,iptables,0.13504816591739655
7309,goats,0.20858599245548248
7310,gmt,0.2169913947582245
7311,aladdin,0.11611270904541016
7312,buick,0.16492882370948792
7313,patriotic,0.1950632482767105
7314,shadows,0.16231173276901245
7315,otter,0.11582589149475098
7316,hopper,0.07853668928146362
7317,jaguar,0.19509132206439972
7318,shellfish,0.1822413206100464
7319,raid,0.18626773357391357
7320,mudvayne,0.15886622667312622
7321,haiti,0.11606795340776443
7322,tubing,0.12518678605556488
7323,blooms,0.18166819214820862
7324,snowy,0.178336963057518
7325,underoath,0.09781679511070251
7326,landfill,0.08356206119060516
7327,rainforest,0.10412544757127762
7328,contra,0.07415492087602615
7329,casper,0.21548858284950256
7330,nhl,0.11475207656621933
7331,cheerleaders,0.18108132481575012
7332,zombie,0.17701946198940277
7333,heathrow,0.16893891990184784
7334,floral,0.18686120212078094
7335,thistle,0.2011958658695221
7336,karate,0.19700154662132263
7337,bedroom,0.09961177408695221
7338,jacket,0.14663201570510864
7339,ruins,0.1886470764875412
7340,playlists,0.11841721832752228
7341,social,0.043728962540626526
7342,triangle,0.2650076150894165
7343,create,0.27807480096817017
7344,banners,0.07718765735626221
7345,sauna,0.06908383965492249
7346,beanie,0.221163809299469
7347,joanne,0.08457653969526291
7348,chandelier,0.12568534910678864
7349,quilts,0.237457275390625
7350,yosemite,0.22964368760585785
7351,sailing,0.19284696877002716
7352,singapore,0.13749146461486816
7353,webcams,0.07999629527330399
7354,nightwish,0.1378536820411682
7355,audubon,0.16599813103675842
7356,scooter,0.11982381343841553
7357,billboard,0.10961788892745972
7358,piercing,0.03962869197130203
7359,symantec,0.09870871156454086
7360,alley,0.09487241506576538
7361,cuba,0.21103273332118988
7362,atari,0.08990427851676941
7363,clic,0.11092760413885117
7364,crochet,0.07808949053287506
7365,geometry,0.17996904253959656
7366,california,0.1446003019809723
7367,elec,0.1762540191411972
7368,social,0.06129837781190872
7369,invited,0.0780608057975769
7370,affiliate,0.12653829157352448
7371,leigh,0.16573992371559143
7372,duck,0.22162865102291107
7373,quilts,0.22261279821395874
7374,travelodge,0.12342070043087006
7375,lego,0.19586127996444702
7376,bbw,0.17274701595306396
7377,corridor,0.1818941831588745
7378,kitchen,0.2448473572731018
7379,rolls,0.17677803337574005
7380,bonsai,0.08376239240169525
7381,aerial,0.20559459924697876
7382,everquest,0.08393838256597519
7383,journey,0.17695078253746033
7384,desktop,0.10552360117435455
7385,social,0.14267879724502563
7386,billiard,0.2127770036458969
7387,leather,0.28077980875968933
7388,groom,0.15487390756607056
7389,ramps,0.13826465606689453
7390,blair,0.16857068240642548
7391,hopper,0.13878992199897766
7392,travelodge,0.11341071128845215
7393,arena,0.12540662288665771
7394,boating,0.16667187213897705
7395,hopper,0.12466736137866974
7396,wade,0.08977444469928741
7397,snooker,0.28925108909606934
7398,hogtied,0.11000582575798035
7399,inequalities,0.14651241898536682
7400,alcatel,0.18418730795383453
7401,swings,0.11551150679588318
7402,hopper,0.10517534613609314
7403,browne,0.19539089500904083
7404,acne,0.04623623937368393
7405,pie,0.20264235138893127
7406,frogs,0.11030826717615128
7407,rake,0.0882394090294838
7408,ngos,0.08847935497760773
7409,cigarette,0.1187991350889206
7410,britney,0.10205457359552383
7411,scrabble,0.14134149253368378
7412,cellar,0.18795140087604523
7413,font,0.07939643412828445
7414,cymru,0.06006397679448128
7415,amethyst,0.19297881424427032
7416,bouquets,0.22652466595172882
7417,bangladesh,0.05625548213720322
7418,restoration,0.04764920473098755
7419,hopper,0.11939819157123566
7420,irene,0.0859561413526535
7421,duff,0.04474678263068199
7422,acne,0.11265473067760468
7423,desk,0.18419286608695984
7424,latino,0.18517917394638062
7425,qc,0.06689060479402542
7426,purple,0.11378808319568634
7427,venom,0.1808999925851822
7428,clerks,0.10129962861537933
7429,knit,0.2493361532688141
7430,serena,0.09655351936817169
7431,pluto,0.16216948628425598
7432,versace,0.05772339925169945
7433,creates,0.23295709490776062
7434,sauna,0.24198535084724426
7435,sith,0.145119771361351
7436,breastfeeding,0.065609872341156
7437,tehran,0.1870710551738739
7438,richter,0.13821139931678772
7439,ymca,0.19992566108703613
7440,outreach,0.16748982667922974
7441,snowboarding,0.08616627752780914
7442,squirrel,0.2028575837612152
7443,yves,0.1184871643781662
7444,winamp,0.08172022551298141
7445,diagram,0.1224086806178093
7446,invitations,0.17694833874702454
7447,hunk,0.1366814225912094
7448,theaters,0.11148225516080856
7449,godsmack,0.04559975117444992
7450,packers,0.17817485332489014
7451,interior,0.0668037086725235
7452,camden,0.09542471170425415
7453,bookings,0.10269636660814285
7454,vanuatu,0.15418682992458344
7455,plan,0.20603151619434357
7456,bulldogs,0.18167847394943237
7457,howto,0.12959995865821838
7458,platform,0.19982866942882538
7459,village,0.13774867355823517
7460,profile,0.2711442708969116
7461,paige,0.11228519678115845
7462,beige,0.1885572075843811
7463,baking,0.09985241293907166
7464,thriller,0.09416955709457397
7465,loch,0.18017101287841797
7466,barn,0.16815415024757385
7467,permitted,0.06776336580514908
7468,paraguay,0.15231481194496155
7469,cakes,0.17661993205547333
7470,garrison,0.12059470266103745
7471,bottles,0.21233390271663666
7472,wishes,0.1315094530582428
7473,cabbage,0.13149622082710266
7474,butterfly,0.22054454684257507
7475,beard,0.16253995895385742
7476,savesave,0.16147100925445557
7477,invented,0.17398950457572937
7478,jenna,0.11316390335559845
7479,rugs,0.19695928692817688
7480,castle,0.18689362704753876
7481,affiliate,0.05135991424322128
7482,starters,0.08124566823244095
7483,stops,0.2024049311876297
7484,thinking,0.1798989325761795
7485,rescued,0.09122609347105026
7486,fences,0.229974627494812
7487,spheres,0.24207857251167297
7488,lungs,0.13543012738227844
7489,paintball,0.12671512365341187
7490,transistor,0.07768859714269638
7491,hammond,0.042531274259090424
7492,lemon,0.186384916305542
7493,interior,0.09600402414798737
7494,wwe,0.1683623492717743
7495,rowling,0.06129923835396767
7496,buckle,0.20739364624023438
7497,grapes,0.19737568497657776
7498,enron,0.20527684688568115
7499,webdesign,0.17935381829738617
7500,plaid,0.20744261145591736
7501,burkina,0.11941589415073395
7502,woodstock,0.09993914514780045
7503,flamingo,0.1747702658176422
7504,gardening,0.09051484614610672
7505,gamefaqs,0.07939928770065308
7506,ebay,0.07388006150722504
7507,shuttle,0.12363125383853912
7508,ob,0.20594757795333862
7509,leaf,0.19507279992103577
7510,cake,0.17953982949256897
7511,tyre,0.09443316608667374
7512,social,0.07573298364877701
7513,specially,0.13620539009571075
7514,queue,0.1636849045753479
7515,businessman,0.200985848903656
7516,advice,0.11795030534267426
7517,rainbow,0.1900101900100708
7518,horoscopes,0.06449554860591888
7519,bakery,0.1445300430059433
7520,allied,0.08087144792079926
7521,cheer,0.15477320551872253
7522,coal,0.15695658326148987
7523,vans,0.08243519812822342
7524,hopper,0.12808942794799805
7525,picnic,0.09367594122886658
7526,homepages,0.12118665128946304
7527,beaver,0.18172675371170044
7528,paintball,0.07741332054138184
7529,families,0.09223388880491257
7530,shelving,0.19956031441688538
7531,defence,0.08425796031951904
7532,ghz,0.08490179479122162
7533,minimal,0.13849970698356628
7534,ceiling,0.07260704785585403
7535,rowling,0.09696312248706818
7536,greatest,0.12660479545593262
7537,irene,0.07939211279153824
7538,rajasthan,0.13564835488796234
7539,jerusalem,0.1824990212917328
7540,ethnic,0.11903940886259079
7541,carol,0.14626193046569824
7542,diecast,0.0940973237156868
7543,nike,0.26003849506378174
7544,teleflora,0.16406449675559998
7545,coldplay,0.09004241228103638
7546,submarine,0.09319278597831726
7547,cult,0.24959518015384674
7548,proposing,0.14436767995357513
7549,skull,0.18476209044456482
7550,competencies,0.19537292420864105
7551,maori,0.06976212561130524
7552,gown,0.19047878682613373
7553,gifs,0.0877101793885231
7554,tips,0.1782456338405609
7555,acne,0.11273995041847229
7556,homepages,0.08537916839122772
7557,bw,0.10490897297859192
7558,rangers,0.18202021718025208
7559,audioslave,0.13157804310321808
7560,husky,0.14923886954784393
7561,hopper,0.1070602685213089
7562,welding,0.1090966984629631
7563,cylinders,0.19124242663383484
7564,tiger,0.1882961243391037
7565,sushi,0.23320235311985016
7566,taco,0.18563857674598694
7567,brain,0.17658327519893646
7568,bmx,0.22365760803222656
7569,alphabet,0.22797007858753204
7570,needle,0.10849310457706451
7571,gras,0.18674705922603607
7572,archery,0.23513200879096985
7573,cereal,0.19478602707386017
7574,silhouette,0.2149430513381958
7575,turnover,0.09976468980312347
7576,waves,0.17818298935890198
7577,syn,0.22752812504768372
7578,cheeks,0.1211346760392189
7579,limbs,0.16721655428409576
7580,evolutionary,0.17457810044288635
7581,tempe,0.1917150765657425
7582,eb,0.24224227666854858
7583,phosphorylation,0.09382510930299759
7584,ropes,0.26012876629829407
7585,sedona,0.08556997776031494
7586,pda,0.07782785594463348
7587,watercolor,0.2713696360588074
7588,turkey,0.20769309997558594
7589,chevelle,0.19520297646522522
7590,atlantis,0.15270346403121948
7591,packard,0.1755097508430481
7592,reebok,0.09717666357755661
7593,teaches,0.17451587319374084
7594,vests,0.1865149736404419
7595,cliffs,0.1803133487701416
7596,cambodia,0.15987305343151093
7597,europa,0.10340870916843414
7598,benches,0.060170337557792664
7599,shelby,0.1919027715921402
7600,como,0.20485900342464447
7601,ig,0.07347439974546432
7602,m,0.19140905141830444
7603,cape,0.17897245287895203
7604,swinging,0.06462521106004715
7605,obsessed,0.12108210474252701
7606,heidelberg,0.18333406746387482
7607,tank,0.16464506089687347
7608,volt,0.21065600216388702
7609,coastline,0.16576331853866577
7610,emirates,0.09185199439525604
7611,folds,0.1069691926240921
7612,dotted,0.18651682138442993
7613,trails,0.1467026174068451
7614,freeway,0.21717052161693573
7615,danger,0.19211967289447784
7616,clerks,0.1122497171163559
7617,terrier,0.1737973690032959
7618,wheat,0.22637444734573364
7619,popcorn,0.0868675634264946
7620,bangbus,0.1314089000225067
7621,thoughtful,0.14420360326766968
7622,parrot,0.09170718491077423
7623,crowd,0.12658022344112396
7624,handmade,0.12602084875106812
7625,bikes,0.1999341994524002
7626,iu,0.08295514434576035
7627,dough,0.16978059709072113
7628,suits,0.10634557157754898
7629,paintball,0.08019603043794632
7630,cooling,0.1472439169883728
7631,animals,0.2112501561641693
7632,fencing,0.086475670337677
7633,aquaculture,0.06702156364917755
7634,bild,0.08827671408653259
7635,loft,0.11817198991775513
7636,joanna,0.1330336332321167
7637,couple,0.11481163650751114
7638,makefile,0.09097100049257278
7639,proposing,0.1141793429851532
7640,bamboo,0.13014847040176392
7641,composites,0.04457763954997063
7642,paige,0.20177845656871796
7643,purple,0.3600062131881714
7644,green,0.1306743621826172
7645,celebrations,0.1451711505651474
7646,dogs,0.1941162496805191
7647,photography,0.05633021891117096
7648,singh,0.07840413600206375
7649,helicopter,0.20871347188949585
7650,gaza,0.201528862118721
7651,bedroom,0.1171846091747284
7652,repeated,0.20772530138492584
7653,donkey,0.2152152806520462
7654,osaka,0.16389283537864685
7655,grille,0.15857172012329102
7656,flea,0.1698823869228363
7657,navy,0.18268992006778717
7658,valentine,0.18212953209877014
7659,brown,0.18516197800636292
7660,banner,0.057017698884010315
7661,ticketmaster,0.15613114833831787
7662,bridges,0.1436299830675125
7663,gamefaqs,0.05376072973012924
7664,camper,0.16795989871025085
7665,walnut,0.2346593141555786
7666,sandisk,0.12185374647378922
7667,profile,0.1459195762872696
7668,glasses,0.23713809251785278
7669,buildings,0.13585788011550903
7670,humanitarian,0.1556689590215683
7671,mags,0.0603177547454834
7672,hedge,0.12658120691776276
7673,sal,0.1641065627336502
7674,banquet,0.17281097173690796
7675,alps,0.18149465322494507
7676,restoration,0.035932183265686035
7677,delphi,0.13075688481330872
7678,leaf,0.21864062547683716
7679,bottled,0.14098060131072998
7680,senegal,0.15890249609947205
7681,gnu,0.16132023930549622
7682,chicago,0.22299669682979584
7683,intersection,0.14834973216056824
7684,downing,0.12061530351638794
7685,roof,0.1417321264743805
7686,tutor,0.19955290853977203
7687,construction,0.14662347733974457
7688,carmel,0.14654245972633362
7689,cpu,0.046814460307359695
7690,photography,0.07628291100263596
7691,bananas,0.2690345048904419
7692,cumshot,0.10656418651342392
7693,sedona,0.07044374942779541
7694,woes,0.11300796270370483
7695,dressing,0.0938052088022232
7696,flyer,0.07464773952960968
7697,hogtied,0.10881488770246506
7698,worldcat,0.235085129737854
7699,turkmenistan,0.09886445105075836
7700,spherical,0.1691761314868927
7701,cologne,0.14670898020267487
7702,generated,0.12018699944019318
7703,staffordshire,0.08397188782691956
7704,wines,0.22222357988357544
7705,strawberry,0.2062491476535797
7706,coppermine,0.088434599339962
7707,fries,0.19842374324798584
7708,permitted,0.10022628307342529
7709,bollywood,0.1486847996711731
7710,bhutan,0.21833553910255432
7711,blondes,0.2287030816078186
7712,musicians,0.2005058377981186
7713,proposes,0.21099884808063507
7714,ponds,0.1112123504281044
7715,severity,0.19460606575012207
7716,fights,0.1098049134016037
7717,coal,0.22474625706672668
7718,croydon,0.18638087809085846
7719,secretaries,0.1644628793001175
7720,brighton,0.15562671422958374
7721,coral,0.22791017591953278
7722,graffiti,0.2136218398809433
7723,eo,0.052738361060619354
7724,curtain,0.15521235764026642
7725,maori,0.2192823737859726
7726,iraq,0.11100295931100845
7727,yellowstone,0.09127596020698547
7728,catholics,0.1768055409193039
7729,freezing,0.1480337232351303
7730,photoshop,0.08569066971540451
7731,permitted,0.1414501667022705
7732,cows,0.24121493101119995
7733,saturn,0.1473100632429123
7734,rugs,0.16298992931842804
7735,graphite,0.18159350752830505
7736,hopper,0.07427754253149033
7737,wrench,0.10432927310466766
7738,connie,0.060614027082920074
7739,faroe,0.15618005394935608
7740,hogtied,0.11400078982114792
7741,bedroom,0.21288612484931946
7742,jerseys,0.18233226239681244
7743,icon,0.1502046287059784
7744,audi,0.18859551846981049
7745,yves,0.07646508514881134
7746,elephant,0.23402772843837738
7747,button,0.10758888721466064
7748,derbyshire,0.11499256640672684
7749,widescreen,0.1045229509472847
7750,compliments,0.14711013436317444
7751,reimbursement,0.03848010301589966
7752,antique,0.09191301465034485
7753,brisbane,0.08670660853385925
7754,judaism,0.09241415560245514
7755,westminster,0.17630749940872192
7756,tights,0.10189105570316315
7757,brandy,0.1057504266500473
7758,poses,0.11404398828744888
7759,waterloo,0.09765173494815826
7760,forrest,0.2319788783788681
7761,premiere,0.18511945009231567
7762,wires,0.2026861011981964
7763,boots,0.2245345413684845
7764,snowboarding,0.1642099916934967
7765,sith,0.21472208201885223
7766,premiere,0.12481600046157837
7767,hopper,0.08298918604850769
7768,slipknot,0.08925820887088776
7769,pendant,0.1779213845729828
7770,sun,0.1235697865486145
7771,tamil,0.15123924612998962
7772,expressions,0.18202464282512665
7773,nails,0.21706447005271912
7774,aim,0.2131110578775406
7775,tomatoes,0.23148465156555176
7776,aaa,0.14436295628547668
7777,tiki,0.09735690802335739
7778,winery,0.08724483102560043
7779,dread,0.1813068836927414
7780,birch,0.19213959574699402
7781,joanna,0.05827884003520012
7782,navajo,0.22196422517299652
7783,kyoto,0.087593212723732
7784,minh,0.11088733375072479
7785,window,0.2209669053554535
7786,afl,0.12021256238222122
7787,photographers,0.27862024307250977
7788,taj,0.17994464933872223
7789,admiral,0.17233502864837646
7790,iu,0.05126413330435753
7791,gown,0.17534129321575165
7792,jumps,0.1288088858127594
7793,defend,0.07469767332077026
7794,backgammon,0.14432604610919952
7795,beginners,0.10225093364715576
7796,clerks,0.14280135929584503
7797,paige,0.04950762167572975
7798,cathy,0.040617067366838455
7799,broccoli,0.23822425305843353
7800,signatures,0.18670065701007843
7801,columns,0.23907321691513062
7802,aquaculture,0.023107081651687622
7803,usa,0.1396663933992386
7804,pluto,0.1959117352962494
7805,msn,0.14805449545383453
7806,peacock,0.08162504434585571
7807,bild,0.10691118985414505
7808,smiling,0.17340445518493652
7809,family,0.09536060690879822
7810,valve,0.11766743659973145
7811,cemetery,0.06884841620922089
7812,slr,0.11293891072273254
7813,beige,0.1286713182926178
7814,visor,0.12804828584194183
7815,charges,0.10057298094034195
7816,critique,0.12681061029434204
7817,farmhouse,0.0954374372959137
7818,trivium,0.11378274857997894
7819,clerks,0.05631045252084732
7820,trains,0.17316460609436035
7821,rugby,0.1941668838262558
7822,buses,0.19891199469566345
7823,advertisement,0.19051994383335114
7824,guinness,0.12005358189344406
7825,skiing,0.18252569437026978
7826,nyse,0.12851300835609436
7827,elephants,0.2360219657421112
7828,underway,0.18251174688339233
7829,cities,0.18813326954841614
7830,proposes,0.19759546220302582
7831,surfers,0.08152025192975998
7832,europa,0.12306495010852814
7833,peas,0.17740145325660706
7834,weddings,0.09689781069755554
7835,daemon,0.12702932953834534
7836,green,0.11166158318519592
7837,caicos,0.09988411515951157
7838,spires,0.09786345064640045
7839,como,0.12671425938606262
7840,plaid,0.09642565250396729
7841,northamptonshire,0.1014016717672348
7842,social,0.14060677587985992
7843,godsmack,0.08614974468946457
7844,modems,0.0788780078291893
7845,mudvayne,0.09276949614286423
7846,miquelon,0.1126527264714241
7847,asheville,0.07882945984601974
7848,burgundy,0.1899135410785675
7849,owls,0.1798858642578125
7850,obtained,0.08795192092657089
7851,clouds,0.289983868598938
7852,potter,0.15852011740207672
7853,tolkien,0.15952995419502258
7854,palms,0.1783156394958496
7855,hillside,0.12731173634529114
7856,hare,0.19297285377979279
7857,mls,0.2254168689250946
7858,patrol,0.045714203268289566
7859,pavilion,-0.0021654763258993626
7860,alley,0.1635865718126297
7861,backyard,0.1980057954788208
7862,blazer,0.08379755914211273
7863,recipes,0.17641329765319824
7864,beethoven,0.18913418054580688
7865,stars,0.2368137389421463
7866,cornerstone,0.10559146851301193
7867,bundled,0.1339944303035736
7868,programmer,0.08069810271263123
7869,neither,0.1341533362865448
7870,vodafone,0.1837175190448761
7871,engine,0.17488554120063782
7872,factories,0.09404819458723068
7873,tower,0.2099178284406662
7874,woodstock,0.04516316205263138
7875,fox,0.22696912288665771
7876,yacht,0.19099846482276917
7877,quickbooks,0.15676380693912506
7878,vest,0.1685212403535843
7879,docs,0.057775020599365234
7880,implements,0.17231084406375885
7881,kijiji,0.0613747201859951
7882,palette,0.11459469795227051
7883,captain,0.08252022415399551
7884,mixers,0.06604236364364624
7885,patrol,0.1350800096988678
7886,dew,0.18586233258247375
7887,masks,0.259081095457077
7888,bbw,0.10784450173377991
7889,irene,0.12615768611431122
7890,snooker,0.0998172014951706
7891,bust,0.1390308141708374
7892,contemporary,0.18895858526229858
7893,harrington,0.11316370964050293
7894,defendants,0.10206751525402069
7895,buckingham,0.10081204026937485
7896,ramps,0.20376341044902802
7897,peugeot,0.07204382866621017
7898,chromatography,0.0824795737862587
7899,kitchen,0.2056283950805664
7900,tables,0.21794866025447845
7901,butts,0.12297657132148743
7902,webcams,0.09822779893875122
7903,sims,0.07931387424468994
7904,parrot,0.1613096445798874
7905,breastfeeding,0.09328653663396835
7906,magnolia,0.1158633902668953
7907,heathrow,0.08854527026414871
7908,nsa,0.1474197953939438
7909,suited,0.1860458254814148
7910,snoop,0.1611768901348114
7911,grease,0.0797296017408371
7912,zenith,0.17148177325725555
7913,dressing,0.10170149803161621
7914,ducks,0.20510779321193695
7915,schoolgirl,0.0954810306429863
7916,yemen,0.1892702728509903
7917,hopper,0.13457444310188293
7918,nightlife,0.24250631034374237
7919,webcams,0.1310749500989914
7920,packard,0.11902432888746262
7921,xemacs,0.1131480485200882
7922,husky,0.09008531272411346
7923,hypertext,0.1500667780637741
7924,tractor,0.20222871005535126
7925,powerbook,0.21514371037483215
7926,menu,0.12614238262176514
7927,vacancy,0.11133497953414917
7928,incorrectly,0.22584374248981476
7929,tents,0.2467242181301117
7930,headline,0.120402030646801
7931,charges,0.07651416957378387
7932,oyster,0.1461915224790573
7933,towel,0.10611163079738617
7934,elk,0.18336237967014313
7935,ecard,0.07463610172271729
7936,gowns,0.09042306244373322
7937,billboard,0.15698572993278503
7938,sub,0.11021088808774948
7939,pedestal,0.16966482996940613
7940,scooters,0.1896773874759674
7941,yves,0.10370317846536636
7942,leopard,0.23644064366817474
7943,collection,0.15777255594730377
7944,others,0.19172506034374237
7945,elk,0.24042993783950806
7946,garnet,0.12457296997308731
7947,doors,0.2836497128009796
7948,hogan,0.20267730951309204
7949,arch,0.15043053030967712
7950,birch,0.030708232894539833
7951,condominiums,0.19124223291873932
7952,cannes,0.0787101536989212
7953,spongebob,0.10008763521909714
7954,sub,0.005946340039372444
7955,jacuzzi,0.09054827690124512
7956,lion,0.1298115849494934
7957,clic,0.07375022023916245
7958,banner,0.06800708174705505
7959,iu,0.1546120047569275
7960,commissioning,0.033942583948373795
7961,brasil,0.1747581958770752
7962,lilies,0.0921526849269867
7963,generated,0.07478491961956024
7964,gals,0.07711903005838394
7965,grandchildren,0.10295212268829346
7966,marilyn,0.1620829701423645
7967,kde,0.1339215338230133
7968,rammstein,0.03064875677227974
7969,brides,0.21702100336551666
7970,road,0.14290687441825867
7971,manure,0.13119132816791534
7972,northern,0.19377151131629944
7973,cyprus,0.20794688165187836
7974,pool,0.1807725578546524
7975,starters,0.109001524746418
7976,nurses,0.18202640116214752
7977,generated,0.06789609789848328
7978,font,0.2242693156003952
7979,clic,0.16277551651000977
7980,wheat,0.15060922503471375
7981,hanoi,0.12180474400520325
7982,charges,-0.015338728204369545
7983,alcatel,0.10533355176448822
7984,upskirts,0.1648983657360077
7985,baccarat,0.0855441689491272
7986,commercials,0.08519024401903152
7987,ramps,0.1249164491891861
7988,arrests,0.17513012886047363
7989,quarry,0.08321526646614075
7990,clic,0.12728682160377502
7991,nails,0.23639078438282013
7992,appearances,0.1551598459482193
7993,gameplay,0.11839212477207184
7994,retriever,0.18599833548069
7995,otis,0.1665639728307724
7996,bears,0.2736315429210663
7997,nerve,0.11901159584522247
7998,supernatural,0.07599863409996033
7999,asthma,0.17200054228305817
8000,interracial,0.17105814814567566
8001,dune,0.08427146077156067
8002,social,0.07427837699651718
8003,palmone,0.20996877551078796
8004,jaguar,0.19299361109733582
8005,yves,0.13191992044448853
8006,milk,0.1989779770374298
8007,cashier,0.10902153700590134
8008,surgeons,0.14774319529533386
8009,generated,0.06835541874170303
8010,white,0.2780742347240448
8011,zerodegrees,0.16085892915725708
8012,basement,0.12659339606761932
8013,iu,0.1576450914144516
8014,greenhouse,0.16076107323169708
8015,kyrgyzstan,0.07387234270572662
8016,morgan,0.13407477736473083
8017,ronald,0.11864770948886871
8018,minimal,0.14035072922706604
8019,the,0.16390348970890045
8020,crane,0.16186010837554932
8021,doses,0.23885971307754517
8022,inlet,0.20111942291259766
8023,apartment,0.21119432151317596
8024,gibson,0.09910010546445847
8025,daytona,0.04312488064169884
8026,jigsaw,0.12432533502578735
8027,snowy,0.1575169712305069
8028,separates,0.1290084570646286
8029,savers,0.08595764636993408
8030,schoolgirl,0.2528548538684845
8031,canoeing,0.1765202283859253
8032,profile,0.1204274520277977
8033,stools,0.21388974785804749
8034,siena,0.22122853994369507
8035,bradley,0.17003555595874786
8036,hatchback,0.14059877395629883
8037,carp,0.1562199592590332
8038,jukebox,0.22730392217636108
8039,sofas,0.20728126168251038
8040,rei,0.033893097192049026
8041,schwarzenegger,0.14407984912395477
8042,bhutan,0.07647354900836945
8043,annapolis,0.13675889372825623
8044,grille,0.23256313800811768
8045,generated,0.1281561255455017
8046,immunization,0.1674465388059616
8047,secretary,0.0695933997631073
8048,matches,0.03674941137433052
8049,aquaculture,0.09987302869558334
8050,bestsellers,0.13101927936077118
8051,vanuatu,0.20149147510528564
8052,unavailable,0.07440772652626038
8053,social,0.09744350612163544
8054,google,0.17803950607776642
8055,mill,0.13206741213798523
8056,shakira,0.05949683487415314
8057,cherries,0.0974409356713295
8058,rye,0.13650283217430115
8059,referee,0.11078277230262756
8060,inflammation,0.15362030267715454
8061,eating,0.13157165050506592
8062,generated,0.08093509823083878
8063,anaheim,0.18410301208496094
8064,towing,0.10445727407932281
8065,ecard,0.15903925895690918
8066,protest,0.162397101521492
8067,throne,0.08967472612857819
8068,torres,0.11724081635475159
8069,justify,0.11180733144283295
8070,summit,0.19152924418449402
8071,inks,0.04598952829837799
8072,charger,0.10887042433023453
8073,penguins,0.20373471081256866
8074,blood,0.08616922795772552
8075,studies,0.10190869867801666
8076,slots,0.2065252959728241
8077,drummer,0.2265358567237854
8078,rabbits,0.2790507972240448
8079,mailbox,0.20232009887695312
8080,maori,0.181961789727211
8081,momma,0.12274979054927826
8082,shakira,0.1047293171286583
8083,husky,0.19921062886714935
8084,serious,0.21620741486549377
8085,arafat,0.19913062453269958
8086,gal,0.1372210532426834
8087,ams,0.2138238102197647
8088,bei,0.087832972407341
8089,yemen,0.16456298530101776
8090,billboard,0.02415228635072708
8091,laos,0.2034960687160492
8092,pollution,0.06035088002681732
8093,embroidery,0.11116410791873932
8094,nfl,0.11428014934062958
8095,orchard,0.1763341873884201
8096,rabbits,0.2084813117980957
8097,webcam,0.10087112337350845
8098,paintball,0.10826434195041656
8099,bild,0.11491043865680695
8100,hendrix,0.09807289391756058
8101,olympics,0.1522940844297409
8102,apples,0.20174285769462585
8103,oaks,0.11482608318328857
8104,aurora,0.18917465209960938
8105,car,0.2172694355249405
8106,emoticons,0.14157715439796448
8107,meadow,0.21297504007816315
8108,chinatown,0.16908115148544312
8109,alexa,0.0364999882876873
8110,hopper,0.06954260915517807
8111,patio,0.0961335077881813
8112,weights,0.03917544335126877
8113,sand,0.12936344742774963
8114,venetian,0.17797914147377014
8115,bedroom,0.146223247051239
8116,porsche,0.14739882946014404
8117,hamburg,0.1245264932513237
8118,locker,0.08357179164886475
8119,guitarist,0.1684480458498001
8120,conversations,0.1271866410970688
8121,brides,0.14091910421848297
8122,bild,0.07394204288721085
8123,gardening,0.20415183901786804
8124,garrison,0.10024556517601013
8125,yellowstone,0.16745443642139435
8126,ecard,0.14401035010814667
8127,swings,0.11031471192836761
8128,agreement,0.15620656311511993
8129,joy,0.1390586793422699
8130,generated,0.13383778929710388
8131,animals,0.22479666769504547
8132,kitchen,0.10135086625814438
8133,gameplay,0.1760351061820984
8134,conditioning,0.1208910197019577
8135,discounts,0.17589542269706726
8136,avalanche,0.09052538126707077
8137,iq,0.06783047318458557
8138,freed,0.24114537239074707
8139,kramer,0.13744127750396729
8140,kayaking,0.1434125304222107
8141,lettering,0.07841344177722931
8142,browns,0.08871085196733475
8143,southeast,0.10600759088993073
8144,apache,0.15590545535087585
8145,umbrella,0.298916757106781
8146,gardening,0.20841728150844574
8147,crab,0.1609790176153183
8148,coaching,0.15873222053050995
8149,barron,0.16761398315429688
8150,alphabet,0.1867220401763916
8151,antarctica,0.2351609766483307
8152,moss,0.22413435578346252
8153,tourist,0.18155036866664886
8154,lynx,0.14685313403606415
8155,beavers,0.15241917967796326
8156,oval,0.09474211186170578
8157,anguilla,0.08474065363407135
8158,chinatown,0.19900666177272797
8159,paintball,0.1311264932155609
8160,navy,0.09344600141048431
8161,coyote,0.20818006992340088
8162,bracelets,0.2218344360589981
8163,webcams,0.09310117363929749
8164,jensen,0.14427560567855835
8165,europa,0.0846410021185875
8166,pathway,0.2039366513490677
8167,tree,0.25221899151802063
8168,lilies,0.10696733742952347
8169,tyler,0.15506082773208618
8170,barcelona,0.22018460929393768
8171,graphite,0.09474113583564758
8172,christmas,0.19646936655044556
8173,turkmenistan,0.09563390165567398
8174,chipset,0.149137943983078
8175,weymouth,0.14211724698543549
8176,denim,0.19950121641159058
8177,fog,0.30305036902427673
8178,parfum,0.07991315424442291
8179,dune,0.21053561568260193
8180,cabernet,0.14977040886878967
8181,drunken,0.15806910395622253
8182,cheese,0.16154225170612335
8183,fishermen,0.12166880071163177
8184,elephants,0.18139825761318207
8185,hopper,0.08204348385334015
8186,muddy,0.15874254703521729
8187,chickens,0.19769620895385742
8188,external,0.18934282660484314
8189,lipstick,0.16090473532676697
8190,paintball,0.07546710968017578
8191,poured,0.08662262558937073
